,year,Toyota,Ford,Chevrolet,Honda,Nissan,Volkswagen,Hyundai,Dodge,Renault,Suzuki,Peugeot,Mazda,Mercedes-Benz,Citroen,Kia,BMW,year_exp
0,2005,4164227.0,3543466.0,3185428.0,2378965.0,2193370.0,1993914.0,1481435.0,1179860.0,1109957.0,978715.0,835660.0,784014.0,769719.0,754189.0,697873.0,688926.0,2005.0
1,2005,4403948.84,3732338.88,3323346.2,2499509.84,2295162.84,2120914.72,1557041.8,1229462.88,1174078.36,1030783.04,890545.24,828606.2,817977.6,802217.0,737077.4,731592.28,2005.04
2,2005,4643670.68,3921211.76,3461264.4,2620054.68,2396955.68,2247915.44,1632648.6,1279065.76,1238199.72,1082851.08,945430.48,873198.4,866236.2,850245.0,776281.8,774258.56,2005.08
3,2005,4883392.52,4110084.64,3599182.6,2740599.52,2498748.52,2374916.16,1708255.4,1328668.64,1302321.08,1134919.12,1000315.72,917790.6,914494.8,898273.0,815486.2,816924.84,2005.12
4,2005,5123114.36,4298957.52,3737100.8,2861144.36,2600541.36,2501916.88,1783862.2,1378271.52,1366442.44,1186987.16,1055200.96,962382.8,962753.4,946301.0,854690.6,859591.12,2005.16
5,2005,5362836.2,4487830.4,3875019.0,2981689.2,2702334.2,2628917.6,1859469.0,1427874.4,1430563.8,1239055.2,1110086.2,1006975.0,1011012.0,994329.0,893895.0,902257.4,2005.2
6,2005,5602558.04,4676703.28,4012937.2,3102234.04,2804127.04,2755918.3200000003,1935075.8,1477477.28,1494685.1600000001,1291123.24,1164971.44,1051567.2,1059270.6,1042357.0,933099.4,944923.6799999999,2005.24
7,2005,5842279.88,4865576.16,4150855.4000000004,3222778.88,2905919.88,2882919.04,2010682.6,1527080.16,1558806.52,1343191.28,1219856.68,1096159.4,1107529.2,1090385.0,972303.8,987589.96,2005.28
8,2005,6082001.72,5054449.04,4288773.6,3343323.7199999997,3007712.7199999997,3009919.76,2086289.4,1576683.04,1622927.88,1395259.32,1274741.92,1140751.6,1155787.8,1138413.0,1011508.2,1030256.24,2005.32
9,2005,6321723.5600000005,5243321.92,4426691.8,3463868.56,3109505.56,3136920.48,2161896.2,1626285.92,1687049.24,1447327.3599999999,1329627.16,1185343.8,1204046.4,1186441.0,1050712.6,1072922.52,2005.36
10,2005,6561445.4,5432194.8,4564610.0,3584413.4,3211298.4,3263921.2,2237503.0,1675888.8,1751170.6,1499395.4,1384512.4,1229936.0,1252305.0,1234469.0,1089917.0,1115588.8,2005.4
11,2005,6801167.24,5621067.68,4702528.2,3704958.24,3313091.24,3390921.92,2313109.8,1725491.68,1815291.96,1551463.44,1439397.6400000001,1274528.2,1300563.6,1282497.0,1129121.4,1158255.08,2005.44
12,2005,7040889.08,5809940.5600000005,4840446.4,3825503.08,3414884.08,3517922.64,2388716.6,1775094.56,1879413.32,1603531.48,1494282.88,1319120.4,1348822.2,1330525.0,1168325.8,1200921.3599999999,2005.48
13,2005,7280610.92,5998813.4399999995,4978364.6,3946047.92,3516676.92,3644923.3600000003,2464323.4,1824697.44,1943534.6800000002,1655599.52,1549168.12,1363712.6,1397080.7999999998,1378553.0,1207530.2,1243587.6400000001,2005.52
14,2005,7520332.76,6187686.32,5116282.800000001,4066592.76,3618469.76,3771924.08,2539930.2,1874300.3199999998,2007656.04,1707667.56,1604053.3599999999,1408304.7999999998,1445339.4,1426581.0,1246734.6,1286253.92,2005.56
15,2005,7760054.6,6376559.2,5254201.0,4187137.5999999996,3720262.5999999996,3898924.8,2615537.0,1923903.2,2071777.4,1759735.6,1658938.6,1452897.0,1493598.0,1474609.0,1285939.0,1328920.2,2005.6
16,2005,7999776.4399999995,6565432.08,5392119.2,4307682.4399999995,3822055.44,4025925.52,2691143.8,1973506.08,2135898.76,1811803.6400000001,1713823.8399999999,1497489.2,1541856.6,1522637.0,1325143.4,1371586.48,2005.64
17,2005,8239498.279999999,6754304.96,5530037.4,4428227.28,3923848.2800000003,4152926.24,2766750.6,2023108.96,2200020.12,1863871.6800000002,1768709.08,1542081.4,1590115.2,1570665.0,1364347.8,1414252.76,2005.68
18,2005,8479220.120000001,6943177.84,5667955.6,4548772.12,4025641.12,4279926.96,2842357.4000000004,2072711.8399999999,2264141.48,1915939.72,1823594.3199999998,1586673.6,1638373.7999999998,1618693.0,1403552.2000000002,1456919.04,2005.72
19,2005,8718941.96,7132050.720000001,5805873.800000001,4669316.96,4127433.96,4406927.68,2917964.2,2122314.7199999997,2328262.84,1968007.76,1878479.56,1631265.7999999998,1686632.4,1666721.0,1442756.6,1499585.3199999998,2005.76
20,2005,8958663.8,7320923.6,5943792.0,4789861.8,4229226.8,4533928.4,2993571.0,2171917.6,2392384.2,2020075.8,1933364.8,1675858.0,1734891.0,1714749.0,1481961.0,1542251.6,2005.8
21,2005,9198385.64,7509796.48,6081710.2,4910406.640000001,4331019.640000001,4660929.12,3069177.8,2221520.48,2456505.56,2072143.84,1988250.04,1720450.2,1783149.6,1762777.0,1521165.4,1584917.88,2005.84
22,2005,9438107.48,7698669.36,6219628.4,5030951.48,4432812.48,4787929.84,3144784.6,2271123.36,2520626.92,2124211.88,2043135.28,1765042.4,1831408.2,1810805.0,1560369.8,1627584.16,2005.88
23,2005,9677829.32,7887542.24,6357546.6,5151496.32,4534605.32,4914930.5600000005,3220391.4000000004,2320726.24,2584748.2800000003,2176279.92,2098020.52,1809634.6,1879666.8,1858833.0,1599574.2000000002,1670250.44,2005.92
24,2005,9917551.16,8076415.12,6495464.800000001,5272041.16,4636398.16,5041931.28,3295998.2,2370329.12,2648869.64,2228347.96,2152905.76,1854226.7999999998,1927925.4,1906861.0,1638778.6,1712916.72,2005.96
25,2006,10157273.0,8265288.0,6633383.0,5392586.0,4738191.0,5168932.0,3371605.0,2419932.0,2712991.0,2280416.0,2207791.0,1898819.0,1976184.0,1954889.0,1677983.0,1755583.0,2006.0
26,2006,10424564.16,8469859.96,6794280.32,5529246.24,4856237.68,5328182.04,3461034.76,2471392.44,2783581.44,2365514.44,2271343.76,1949088.08,2029618.08,2008776.36,1721602.92,1802801.68,2006.04
27,2006,10691855.32,8674431.92,6955177.64,5665906.48,4974284.36,5487432.08,3550464.52,2522852.88,2854171.88,2450612.88,2334896.52,1999357.16,2083052.16,2062663.72,1765222.84,1850020.36,2006.08
28,2006,10959146.48,8879003.88,7116074.96,5802566.72,5092331.04,5646682.12,3639894.28,2574313.32,2924762.32,2535711.32,2398449.28,2049626.24,2136486.24,2116551.08,1808842.76,1897239.04,2006.12
29,2006,11226437.64,9083575.84,7276972.28,5939226.96,5210377.72,5805932.16,3729324.04,2625773.76,2995352.76,2620809.76,2462002.04,2099895.32,2189920.32,2170438.44,1852462.68,1944457.72,2006.16
30,2006,11493728.8,9288147.8,7437869.6,6075887.2,5328424.4,5965182.2,3818753.8,2677234.2,3065943.2,2705908.2,2525554.8,2150164.4,2243354.4,2224325.8,1896082.6,1991676.4,2006.2
31,2006,11761019.96,9492719.76,7598766.92,6212547.4399999995,5446471.08,6124432.24,3908183.56,2728694.64,3136533.64,2791006.64,2589107.56,2200433.48,2296788.48,2278213.16,1939702.52,2038895.08,2006.24
32,2006,12028311.12,9697291.72,7759664.24,6349207.68,5564517.76,6283682.28,3997613.32,2780155.08,3207124.08,2876105.08,2652660.32,2250702.56,2350222.56,2332100.52,1983322.44,2086113.76,2006.28
33,2006,12295602.28,9901863.68,7920561.5600000005,6485867.92,5682564.4399999995,6442932.32,4087043.08,2831615.52,3277714.52,2961203.52,2716213.08,2300971.64,2403656.64,2385987.88,2026942.3599999999,2133332.44,2006.32
34,2006,12562893.44,10106435.64,8081458.88,6622528.16,5800611.12,6602182.36,4176472.84,2883075.96,3348304.96,3046301.96,2779765.84,2351240.72,2457090.72,2439875.24,2070562.28,2180551.12,2006.36
35,2006,12830184.6,10311007.6,8242356.2,6759188.4,5918657.8,6761432.4,4265902.6,2934536.4,3418895.4,3131400.4,2843318.6,2401509.8,2510524.8,2493762.6,2114182.2,2227769.8,2006.4
36,2006,13097475.76,10515579.56,8403253.52,6895848.64,6036704.48,6920682.44,4355332.36,2985996.84,3489485.84,3216498.84,2906871.36,2451778.88,2563958.88,2547649.96,2157802.12,2274988.48,2006.44
37,2006,13364766.92,10720151.52,8564150.84,7032508.88,6154751.16,7079932.48,4444762.12,3037457.2800000003,3560076.2800000003,3301597.2800000003,2970424.12,2502047.96,2617392.96,2601537.3200000003,2201422.04,2322207.16,2006.48
38,2006,13632058.08,10924723.48,8725048.16,7169169.12,6272797.84,7239182.52,4534191.88,3088917.7199999997,3630666.7199999997,3386695.7199999997,3033976.88,2552317.04,2670827.04,2655424.68,2245041.96,2369425.84,2006.52
39,2006,13899349.24,11129295.44,8885945.48,7305829.359999999,6390844.52,7398432.5600000005,4623621.64,3140378.16,3701257.16,3471794.16,3097529.64,2602586.12,2724261.12,2709312.04,2288661.88,2416644.52,2006.56
40,2006,14166640.399999999,11333867.4,9046842.8,7442489.6,6508891.2,7557682.6,4713051.4,3191838.6,3771847.6,3556892.6,3161082.4,2652855.2,2777695.2,2763199.4,2332281.8,2463863.2,2006.6
41,2006,14433931.559999999,11538439.36,9207740.120000001,7579149.84,6626937.88,7716932.640000001,4802481.16,3243299.04,3842438.04,3641991.04,3224635.16,2703124.2800000003,2831129.2800000003,2817086.76,2375901.7199999997,2511081.88,2006.64
42,2006,14701222.719999999,11743011.32,9368637.44,7715810.08,6744984.56,7876182.68,4891910.92,3294759.48,3913028.48,3727089.48,3288187.92,2753393.36,2884563.36,2870974.12,2419521.64,2558300.56,2006.68
43,2006,14968513.879999999,11947583.28,9529534.76,7852470.32,6863031.24,8035432.720000001,4981340.68,3346219.92,3983618.92,3812187.92,3351740.6799999997,2803662.44,2937997.44,2924861.48,2463141.56,2605519.24,2006.72
44,2006,15235805.04,12152155.24,9690432.08,7989130.56,6981077.92,8194682.76,5070770.4399999995,3397680.3600000003,4054209.3600000003,3897286.3600000003,3415293.44,2853931.52,2991431.52,2978748.84,2506761.48,2652737.92,2006.76
45,2006,15503096.2,12356727.2,9851329.4,8125790.8,7099124.6,8353932.800000001,5160200.2,3449140.8,4124799.8,3982384.8,3478846.2,2904200.6,3044865.6,3032636.2,2550381.4,2699956.6,2006.8
46,2006,15770387.36,12561299.16,10012226.72,8262451.04,7217171.279999999,8513182.84,5249629.96,3500601.24,4195390.24,4067483.24,3542398.96,2954469.6799999997,3098299.6799999997,3086523.56,2594001.32,2747175.2800000003,2006.84
47,2006,16037678.52,12765871.120000001,10173124.04,8399111.28,7335217.96,8672432.88,5339059.72,3552061.68,4265980.68,4152581.68,3605951.7199999997,3004738.76,3151733.76,3140410.92,2637621.24,2794393.96,2006.88
48,2006,16304969.68,12970443.08,10334021.36,8535771.52,7453264.64,8831682.92,5428489.48,3603522.12,4336571.12,4237680.12,3669504.48,3055007.84,3205167.84,3194298.2800000003,2681241.16,2841612.6399999997,2006.92
49,2006,16572260.84,13175015.04,10494918.68,8672431.76,7571311.32,8990932.96,5517919.24,3654982.56,4407161.5600000005,4322778.5600000005,3733057.24,3105276.92,3258601.92,3248185.64,2724861.08,2888831.3200000003,2006.96
50,2007,16839552.0,13379587.0,10655816.0,8809092.0,7689358.0,9150183.0,5607349.0,3706443.0,4477752.0,4407877.0,3796610.0,3155546.0,3312036.0,3302073.0,2768481.0,2936050.0,2007.0
51,2007,17086079.52,13558764.16,10797819.48,8946890.92,7806006.32,9308165.96,5696830.16,3746706.08,4541915.4,4490943.12,3856259.08,3204046.44,3363010.2,3352459.64,2813660.92,2979914.0,2007.04
52,2007,17332607.04,13737941.32,10939822.96,9084689.84,7922654.64,9466148.92,5786311.32,3786969.16,4606078.8,4574009.24,3915908.16,3252546.88,3413984.4,3402846.28,2858840.84,3023778.0,2007.08
53,2007,17579134.56,13917118.48,11081826.44,9222488.76,8039302.96,9624131.88,5875792.48,3827232.24,4670242.2,4657075.36,3975557.24,3301047.32,3464958.6,3453232.92,2904020.76,3067642.0,2007.12
54,2007,17825662.08,14096295.64,11223829.92,9360287.68,8155951.28,9782114.84,5965273.64,3867495.32,4734405.6,4740141.48,4035206.32,3349547.76,3515932.8,3503619.56,2949200.68,3111506.0,2007.16
55,2007,18072189.6,14275472.8,11365833.4,9498086.6,8272599.6,9940097.8,6054754.8,3907758.4,4798569.0,4823207.6,4094855.4,3398048.2,3566907.0,3554006.2,2994380.6,3155370.0,2007.2
56,2007,18318717.12,14454649.96,11507836.88,9635885.52,8389247.92,10098080.76,6144235.96,3948021.48,4862732.4,4906273.72,4154504.48,3446548.64,3617881.2,3604392.84,3039560.52,3199234.0,2007.24
57,2007,18565244.64,14633827.120000001,11649840.36,9773684.44,8505896.24,10256063.72,6233717.12,3988284.56,4926895.8,4989339.84,4214153.56,3495049.08,3668855.4,3654779.48,3084740.44,3243098.0,2007.28
58,2007,18811772.16,14813004.28,11791843.84,9911483.36,8622544.56,10414046.68,6323198.28,4028547.64,4991059.2,5072405.96,4273802.64,3543549.52,3719829.6,3705166.12,3129920.36,3286962.0,2007.32
59,2007,19058299.68,14992181.44,11933847.32,10049282.28,8739192.88,10572029.64,6412679.44,4068810.72,5055222.6,5155472.08,4333451.72,3592049.96,3770803.8,3755552.76,3175100.28,3330826.0,2007.36
60,2007,19304827.2,15171358.6,12075850.8,10187081.2,8855841.2,10730012.6,6502160.6,4109073.8,5119386.0,5238538.2,4393100.8,3640550.4,3821778.0,3805939.4,3220280.2,3374690.0,2007.4
61,2007,19551354.72,15350535.76,12217854.28,10324880.120000001,8972489.52,10887995.56,6591641.76,4149336.88,5183549.4,5321604.32,4452749.88,3689050.84,3872752.2,3856326.04,3265460.12,3418554.0,2007.44
62,2007,19797882.24,15529712.92,12359857.76,10462679.04,9089137.84,11045978.52,6681122.92,4189599.96,5247712.8,5404670.4399999995,4512398.96,3737551.2800000003,3923726.4,3906712.6799999997,3310640.04,3462418.0,2007.48
63,2007,20044409.759999998,15708890.08,12501861.24,10600477.96,9205786.16,11203961.48,6770604.08,4229863.04,5311876.2,5487736.5600000005,4572048.04,3786051.7199999997,3974700.6,3957099.32,3355819.96,3506282.0,2007.52
64,2007,20290937.28,15888067.24,12643864.72,10738276.88,9322434.48,11361944.44,6860085.24,4270126.12,5376039.6,5570802.68,4631697.12,3834552.16,4025674.8,4007485.96,3400999.88,3550146.0,2007.56
65,2007,20537464.8,16067244.4,12785868.2,10876075.8,9439082.8,11519927.4,6949566.4,4310389.2,5440203.0,5653868.8,4691346.2,3883052.6,4076649.0,4057872.6,3446179.8,3594010.0,2007.6
66,2007,20783992.32,16246421.56,12927871.68,11013874.72,9555731.120000001,11677910.36,7039047.5600000005,4350652.28,5504366.4,5736934.92,4750995.28,3931553.04,4127623.2,4108259.24,3491359.7199999997,3637874.0,2007.64
67,2007,21030519.84,16425598.72,13069875.16,11151673.64,9672379.44,11835893.32,7128528.72,4390915.36,5568529.8,5820001.04,4810644.36,3980053.48,4178597.4,4158645.88,3536539.64,3681738.0,2007.68
68,2007,21277047.36,16604775.879999999,13211878.64,11289472.56,9789027.76,11993876.28,7218009.88,4431178.44,5632693.2,5903067.16,4870293.4399999995,4028553.92,4229571.6,4209032.52,3581719.56,3725602.0,2007.72
69,2007,21523574.88,16783953.04,13353882.120000001,11427271.48,9905676.08,12151859.24,7307491.04,4471441.52,5696856.6,5986133.279999999,4929942.52,4077054.3600000003,4280545.8,4259419.16,3626899.48,3769466.0,2007.76
70,2007,21770102.4,16963130.2,13495885.6,11565070.4,10022324.4,12309842.2,7396972.2,4511704.6,5761020.0,6069199.4,4989591.6,4125554.8,4331520.0,4309805.8,3672079.4,3813330.0,2007.8
71,2007,22016629.92,17142307.36,13637889.08,11702869.32,10138972.72,12467825.16,7486453.36,4551967.68,5825183.4,6152265.52,5049240.68,4174055.24,4382494.2,4360192.4399999995,3717259.32,3857194.0,2007.84
72,2007,22263157.439999998,17321484.52,13779892.56,11840668.24,10255621.04,12625808.12,7575934.52,4592230.76,5889346.8,6235331.64,5108889.76,4222555.68,4433468.4,4410579.08,3762439.24,3901058.0,2007.88
73,2007,22509684.96,17500661.68,13921896.04,11978467.16,10372269.36,12783791.08,7665415.68,4632493.84,5953510.2,6318397.76,5168538.84,4271056.12,4484442.6,4460965.72,3807619.16,3944922.0,2007.92
74,2007,22756212.48,17679838.84,14063899.52,12116266.08,10488917.68,12941774.04,7754896.84,4672756.92,6017673.6,6401463.88,5228187.92,4319556.5600000005,4535416.8,4511352.359999999,3852799.08,3988786.0,2007.96
75,2008,23002740.0,17859016.0,14205903.0,12254065.0,10605566.0,13099757.0,7844378.0,4713020.0,6081837.0,6484530.0,5287837.0,4368057.0,4586391.0,4561739.0,3897979.0,4032650.0,2008.0
76,2008,23224536.92,18028081.68,14328787.0,12380766.84,10714720.04,13271705.36,7955608.56,4732246.68,6141613.96,6569139.32,5345998.48,4411270.24,4630441.44,4613726.36,3953059.2,4070636.04,2008.04
77,2008,23446333.84,18197147.36,14451671.0,12507468.68,10823874.08,13443653.72,8066839.12,4751473.36,6201390.92,6653748.64,5404159.96,4454483.48,4674491.88,4665713.72,4008139.4,4108622.08,2008.08
78,2008,23668130.76,18366213.04,14574555.0,12634170.52,10933028.12,13615602.08,8178069.68,4770700.04,6261167.88,6738357.96,5462321.44,4497696.72,4718542.32,4717701.08,4063219.6,4146608.12,2008.12
79,2008,23889927.68,18535278.72,14697439.0,12760872.36,11042182.16,13787550.44,8289300.24,4789926.72,6320944.84,6822967.28,5520482.92,4540909.96,4762592.76,4769688.44,4118299.8,4184594.16,2008.16
80,2008,24111724.6,18704344.4,14820323.0,12887574.2,11151336.2,13959498.8,8400530.8,4809153.4,6380721.8,6907576.6,5578644.4,4584123.2,4806643.2,4821675.8,4173380.0,4222580.2,2008.2
81,2008,24333521.52,18873410.08,14943207.0,13014276.04,11260490.24,14131447.16,8511761.36,4828380.08,6440498.76,6992185.92,5636805.88,4627336.44,4850693.64,4873663.16,4228460.2,4260566.24,2008.24
82,2008,24555318.44,19042475.76,15066091.0,13140977.88,11369644.28,14303395.52,8622991.92,4847606.76,6500275.72,7076795.24,5694967.36,4670549.68,4894744.08,4925650.52,4283540.4,4298552.28,2008.28
83,2008,24777115.36,19211541.44,15188975.0,13267679.72,11478798.32,14475343.879999999,8734222.48,4866833.44,6560052.68,7161404.5600000005,5753128.84,4713762.92,4938794.52,4977637.88,4338620.6,4336538.32,2008.32
84,2008,24998912.28,19380607.12,15311859.0,13394381.56,11587952.36,14647292.24,8845453.04,4886060.12,6619829.64,7246013.88,5811290.32,4756976.16,4982844.96,5029625.24,4393700.8,4374524.36,2008.36
85,2008,25220709.2,19549672.8,15434743.0,13521083.4,11697106.4,14819240.6,8956683.6,4905286.8,6679606.6,7330623.2,5869451.8,4800189.4,5026895.4,5081612.6,4448781.0,4412510.4,2008.4
86,2008,25442506.12,19718738.48,15557627.0,13647785.24,11806260.44,14991188.96,9067914.16,4924513.48,6739383.56,7415232.52,5927613.28,4843402.64,5070945.84,5133599.96,4503861.2,4450496.44,2008.44
87,2008,25664303.04,19887804.16,15680511.0,13774487.08,11915414.48,15163137.32,9179144.72,4943740.16,6799160.52,7499841.84,5985774.76,4886615.88,5114996.28,5185587.32,4558941.4,4488482.48,2008.48
88,2008,25886099.96,20056869.84,15803395.0,13901188.92,12024568.52,15335085.68,9290375.28,4962966.84,6858937.48,7584451.16,6043936.24,4929829.12,5159046.72,5237574.68,4614021.6,4526468.52,2008.52
89,2008,26107896.88,20225935.52,15926279.0,14027890.76,12133722.56,15507034.04,9401605.84,4982193.52,6918714.4399999995,7669060.48,6102097.72,4973042.36,5203097.16,5289562.04,4669101.8,4564454.5600000005,2008.56
90,2008,26329693.8,20395001.2,16049163.0,14154592.6,12242876.6,15678982.4,9512836.4,5001420.2,6978491.4,7753669.8,6160259.2,5016255.6,5247147.6,5341549.4,4724182.0,4602440.6,2008.6
91,2008,26551490.72,20564066.88,16172047.0,14281294.44,12352030.64,15850930.76,9624066.96,5020646.88,7038268.36,7838279.12,6218420.68,5059468.84,5291198.04,5393536.76,4779262.2,4640426.64,2008.64
92,2008,26773287.64,20733132.56,16294931.0,14407996.28,12461184.68,16022879.12,9735297.52,5039873.56,7098045.32,7922888.44,6276582.16,5102682.08,5335248.48,5445524.12,4834342.4,4678412.68,2008.68
93,2008,26995084.56,20902198.24,16417815.0,14534698.120000001,12570338.72,16194827.48,9846528.08,5059100.24,7157822.28,8007497.76,6334743.64,5145895.32,5379298.92,5497511.48,4889422.6,4716398.72,2008.72
94,2008,27216881.48,21071263.92,16540699.0,14661399.96,12679492.76,16366775.84,9957758.64,5078326.92,7217599.24,8092107.08,6392905.12,5189108.56,5423349.36,5549498.84,4944502.8,4754384.76,2008.76
95,2008,27438678.4,21240329.6,16663583.0,14788101.8,12788646.8,16538724.2,10068989.2,5097553.6,7277376.2,8176716.4,6451066.6,5232321.8,5467399.8,5601486.2,4999583.0,4792370.8,2008.8
96,2008,27660475.32,21409395.28,16786467.0,14914803.64,12897800.84,16710672.559999999,10180219.76,5116780.28,7337153.16,8261325.720000001,6509228.08,5275535.04,5511450.24,5653473.5600000005,5054663.2,4830356.84,2008.84
97,2008,27882272.240000002,21578460.96,16909351.0,15041505.48,13006954.879999999,16882620.92,10291450.32,5136006.96,7396930.12,8345935.04,6567389.5600000005,5318748.28,5555500.68,5705460.92,5109743.4,4868342.88,2008.88
98,2008,28104069.16,21747526.64,17032235.0,15168207.32,13116108.92,17054569.28,10402680.879999999,5155233.64,7456707.08,8430544.36,6625551.04,5361961.52,5599551.12,5757448.28,5164823.6,4906328.92,2008.92
99,2008,28325866.08,21916592.32,17155119.0,15294909.16,13225262.96,17226517.64,10513911.44,5174460.32,7516484.04,8515153.68,6683712.52,5405174.76,5643601.5600000005,5809435.640000001,5219903.8,4944314.96,2008.96
100,2009,28547663.0,22085658.0,17278003.0,15421611.0,13334417.0,17398466.0,10625142.0,5193687.0,7576261.0,8599763.0,6741874.0,5448388.0,5687652.0,5861423.0,5274984.0,4982301.0,2009.0
101,2009,28802073.12,22269663.0,17433972.84,15555067.08,13467562.08,17589714.96,10754950.28,5215295.96,7646611.24,8697316.16,6804156.72,5494965.6,5736376.16,5916604.92,5344026.64,5024452.16,2009.04
102,2009,29056483.24,22453668.0,17589942.68,15688523.16,13600707.16,17780963.92,10884758.56,5236904.92,7716961.48,8794869.32,6866439.44,5541543.2,5785100.32,5971786.84,5413069.28,5066603.32,2009.08
103,2009,29310893.36,22637673.0,17745912.52,15821979.24,13733852.24,17972212.88,11014566.84,5258513.88,7787311.72,8892422.48,6928722.16,5588120.8,5833824.48,6026968.76,5482111.92,5108754.48,2009.12
104,2009,29565303.48,22821678.0,17901882.36,15955435.32,13866997.32,18163461.84,11144375.12,5280122.84,7857661.96,8989975.64,6991004.88,5634698.4,5882548.64,6082150.68,5551154.56,5150905.64,2009.16
105,2009,29819713.6,23005683.0,18057852.2,16088891.4,14000142.4,18354710.8,11274183.4,5301731.8,7928012.2,9087528.8,7053287.6,5681276.0,5931272.8,6137332.6,5620197.2,5193056.8,2009.2
106,2009,30074123.72,23189688.0,18213822.04,16222347.48,14133287.48,18545959.76,11403991.68,5323340.76,7998362.44,9185081.96,7115570.32,5727853.6,5979996.96,6192514.52,5689239.84,5235207.96,2009.24
107,2009,30328533.84,23373693.0,18369791.88,16355803.56,14266432.56,18737208.72,11533799.96,5344949.72,8068712.68,9282635.12,7177853.04,5774431.2,6028721.12,6247696.44,5758282.48,5277359.12,2009.28
108,2009,30582943.96,23557698.0,18525761.72,16489259.64,14399577.64,18928457.68,11663608.24,5366558.68,8139062.92,9380188.28,7240135.76,5821008.8,6077445.28,6302878.36,5827325.12,5319510.28,2009.32
109,2009,30837354.08,23741703.0,18681731.56,16622715.72,14532722.72,19119706.64,11793416.52,5388167.64,8209413.16,9477741.44,7302418.48,5867586.4,6126169.44,6358060.28,5896367.76,5361661.44,2009.36
110,2009,31091764.2,23925708.0,18837701.4,16756171.8,14665867.8,19310955.6,11923224.8,5409776.6,8279763.4,9575294.6,7364701.2,5914164.0,6174893.6,6413242.2,5965410.4,5403812.6,2009.4
111,2009,31346174.32,24109713.0,18993671.24,16889627.88,14799012.879999999,19502204.56,12053033.08,5431385.56,8350113.64,9672847.76,7426983.92,5960741.6,6223617.76,6468424.12,6034453.04,5445963.76,2009.44
112,2009,31600584.44,24293718.0,19149641.08,17023083.96,14932157.96,19693453.52,12182841.36,5452994.52,8420463.88,9770400.92,7489266.64,6007319.2,6272341.92,6523606.04,6103495.68,5488114.92,2009.48
113,2009,31854994.56,24477723.0,19305610.92,17156540.04,15065303.04,19884702.48,12312649.64,5474603.48,8490814.120000001,9867954.08,7551549.36,6053896.8,6321066.08,6578787.96,6172538.32,5530266.08,2009.52
114,2009,32109404.68,24661728.0,19461580.759999998,17289996.12,15198448.12,20075951.44,12442457.92,5496212.44,8561164.36,9965507.24,7613832.08,6100474.4,6369790.24,6633969.88,6241580.96,5572417.24,2009.56
115,2009,32363814.8,24845733.0,19617550.6,17423452.2,15331593.2,20267200.4,12572266.2,5517821.4,8631514.6,10063060.4,7676114.8,6147052.0,6418514.4,6689151.8,6310623.6,5614568.4,2009.6
116,2009,32618224.92,25029738.0,19773520.44,17556908.28,15464738.28,20458449.36,12702074.48,5539430.36,8701864.84,10160613.56,7738397.52,6193629.6,6467238.5600000005,6744333.72,6379666.24,5656719.5600000005,2009.64
117,2009,32872635.04,25213743.0,19929490.28,17690364.36,15597883.36,20649698.32,12831882.76,5561039.32,8772215.08,10258166.72,7800680.24,6240207.2,6515962.72,6799515.64,6448708.88,5698870.72,2009.68
118,2009,33127045.16,25397748.0,20085460.12,17823820.44,15731028.44,20840947.28,12961691.04,5582648.28,8842565.32,10355719.88,7862962.96,6286784.8,6564686.88,6854697.56,6517751.52,5741021.88,2009.72
119,2009,33381455.28,25581753.0,20241429.96,17957276.52,15864173.52,21032196.24,13091499.32,5604257.24,8912915.56,10453273.04,7925245.68,6333362.4,6613411.04,6909879.48,6586794.16,5783173.04,2009.76
120,2009,33635865.4,25765758.0,20397399.8,18090732.6,15997318.6,21223445.2,13221307.6,5625866.2,8983265.8,10550826.2,7987528.4,6379940.0,6662135.2,6965061.4,6655836.8,5825324.2,2009.8
121,2009,33890275.519999996,25949763.0,20553369.64,18224188.68,16130463.68,21414694.16,13351115.879999999,5647475.16,9053616.04,10648379.36,8049811.12,6426517.6,6710859.36,7020243.32,6724879.4399999995,5867475.36,2009.84
122,2009,34144685.64,26133768.0,20709339.48,18357644.759999998,16263608.76,21605943.12,13480924.16,5669084.12,9123966.28,10745932.52,8112093.84,6473095.2,6759583.52,7075425.24,6793922.08,5909626.52,2009.88
123,2009,34399095.76,26317773.0,20865309.32,18491100.84,16396753.84,21797192.08,13610732.44,5690693.08,9194316.52,10843485.68,8174376.5600000005,6519672.8,6808307.68,7130607.16,6862964.72,5951777.68,2009.92
124,2009,34653505.88,26501778.0,21021279.16,18624556.92,16529898.92,21988441.04,13740540.719999999,5712302.04,9264666.76,10941038.84,8236659.28,6566250.4,6857031.84,7185789.08,6932007.359999999,5993928.84,2009.96
125,2010,34907916.0,26685783.0,21177249.0,18758013.0,16663044.0,22179690.0,13870349.0,5733911.0,9335017.0,11038592.0,8298942.0,6612828.0,6905756.0,7240971.0,7001050.0,6036080.0,2010.0
126,2010,35141524.88,26889184.48,21355077.16,18873966.68,16815097.92,22401249.12,14012821.84,5758016.2,9412372.92,11133604.56,8393954.56,6658517.88,6959204.84,7294886.4,7086994.72,6084249.76,2010.04
127,2010,35375133.76,27092585.96,21532905.32,18989920.36,16967151.84,22622808.24,14155294.68,5782121.4,9489728.84,11228617.12,8488967.12,6704207.76,7012653.68,7348801.8,7172939.44,6132419.52,2010.08
128,2010,35608742.64,27295987.44,21710733.48,19105874.04,17119205.76,22844367.36,14297767.52,5806226.6,9567084.76,11323629.68,8583979.68,6749897.64,7066102.52,7402717.2,7258884.16,6180589.28,2010.12
129,2010,35842351.52,27499388.92,21888561.64,19221827.72,17271259.68,23065926.48,14440240.36,5830331.8,9644440.68,11418642.24,8678992.24,6795587.52,7119551.36,7456632.6,7344828.88,6228759.04,2010.16
130,2010,36075960.4,27702790.4,22066389.8,19337781.4,17423313.6,23287485.6,14582713.2,5854437.0,9721796.6,11513654.8,8774004.8,6841277.4,7173000.2,7510548.0,7430773.6,6276928.8,2010.2
131,2010,36309569.28,27906191.88,22244217.96,19453735.08,17575367.52,23509044.72,14725186.04,5878542.2,9799152.52,11608667.36,8869017.36,6886967.28,7226449.04,7564463.4,7516718.32,6325098.56,2010.24
132,2010,36543178.16,28109593.36,22422046.12,19569688.76,17727421.44,23730603.84,14867658.88,5902647.4,9876508.44,11703679.92,8964029.92,6932657.16,7279897.88,7618378.8,7602663.04,6373268.32,2010.28
133,2010,36776787.04,28312994.84,22599874.28,19685642.44,17879475.36,23952162.96,15010131.72,5926752.6,9953864.36,11798692.48,9059042.48,6978347.04,7333346.72,7672294.2,7688607.76,6421438.08,2010.32
134,2010,37010395.92,28516396.32,22777702.44,19801596.12,18031529.28,24173722.08,15152604.56,5950857.8,10031220.28,11893705.04,9154055.04,7024036.92,7386795.56,7726209.6,7774552.48,6469607.84,2010.36
135,2010,37244004.8,28719797.8,22955530.6,19917549.8,18183583.2,24395281.2,15295077.4,5974963.0,10108576.2,11988717.6,9249067.6,7069726.8,7440244.4,7780125.0,7860497.2,6517777.6,2010.4
136,2010,37477613.68,28923199.28,23133358.76,20033503.48,18335637.12,24616840.32,15437550.24,5999068.2,10185932.12,12083730.16,9344080.16,7115416.68,7493693.24,7834040.4,7946441.92,6565947.36,2010.44
137,2010,37711222.56,29126600.76,23311186.92,20149457.16,18487691.04,24838399.44,15580023.08,6023173.4,10263288.04,12178742.72,9439092.72,7161106.56,7547142.08,7887955.8,8032386.64,6614117.12,2010.48
138,2010,37944831.44,29330002.240000002,23489015.08,20265410.84,18639744.96,25059958.56,15722495.92,6047278.6,10340643.96,12273755.28,9534105.28,7206796.4399999995,7600590.92,7941871.2,8118331.36,6662286.88,2010.52
139,2010,38178440.32,29533403.72,23666843.240000002,20381364.52,18791798.88,25281517.68,15864968.76,6071383.8,10417999.879999999,12368767.84,9629117.84,7252486.32,7654039.76,7995786.6,8204276.08,6710456.64,2010.56
140,2010,38412049.2,29736805.2,23844671.4,20497318.2,18943852.8,25503076.8,16007441.6,6095489.0,10495355.8,12463780.4,9724130.4,7298176.2,7707488.6,8049702.0,8290220.8,6758626.4,2010.6
141,2010,38645658.08,29940206.68,24022499.56,20613271.88,19095906.72,25724635.92,16149914.44,6119594.2,10572711.72,12558792.96,9819142.96,7343866.08,7760937.4399999995,8103617.4,8376165.52,6806796.16,2010.64
142,2010,38879266.96,30143608.16,24200327.72,20729225.56,19247960.64,25946195.04,16292387.28,6143699.4,10650067.64,12653805.52,9914155.52,7389555.96,7814386.28,8157532.8,8462110.24,6854965.92,2010.68
143,2010,39112875.84,30347009.64,24378155.88,20845179.24,19400014.56,26167754.16,16434860.120000001,6167804.6,10727423.56,12748818.08,10009168.08,7435245.84,7867835.12,8211448.2,8548054.96,6903135.68,2010.72
144,2010,39346484.72,30550411.12,24555984.04,20961132.92,19552068.48,26389313.28,16577332.96,6191909.8,10804779.48,12843830.64,10104180.64,7480935.72,7921283.96,8265363.6,8633999.68,6951305.44,2010.76
145,2010,39580093.6,30753812.6,24733812.2,21077086.6,19704122.4,26610872.4,16719805.8,6216015.0,10882135.4,12938843.2,10199193.2,7526625.6,7974732.8,8319279.0,8719944.4,6999475.2,2010.8
146,2010,39813702.480000004,30957214.08,24911640.36,21193040.28,19856176.32,26832431.52,16862278.64,6240120.2,10959491.32,13033855.76,10294205.76,7572315.48,8028181.64,8373194.4,8805889.120000001,7047644.96,2010.84
147,2010,40047311.36,31160615.560000002,25089468.52,21308993.96,20008230.240000002,27053990.64,17004751.48,6264225.4,11036847.24,13128868.32,10389218.32,7618005.36,8081630.48,8427109.8,8891833.84,7095814.72,2010.88
148,2010,40280920.24,31364017.04,25267296.68,21424947.64,20160284.16,27275549.759999998,17147224.32,6288330.6,11114203.16,13223880.879999999,10484230.879999999,7663695.24,8135079.32,8481025.2,8977778.56,7143984.48,2010.92
149,2010,40514529.12,31567418.52,25445124.84,21540901.32,20312338.08,27497108.88,17289697.16,6312435.8,11191559.08,13318893.44,10579243.44,7709385.12,8188528.16,8534940.6,9063723.28,7192154.24,2010.96
150,2011,40748138.0,31770820.0,25622953.0,21656855.0,20464392.0,27718668.0,17432170.0,6336541.0,11268915.0,13413906.0,10674256.0,7755075.0,8241977.0,8588856.0,9149668.0,7240324.0,2011.0
151,2011,41047637.84,31979031.08,25814309.72,21801682.64,20631819.6,27962499.76,17589516.8,6363108.32,11344162.16,13516989.08,10742399.24,7803413.16,8299280.68,8637907.4,9262193.2,7293600.84,2011.04
152,2011,41347137.68,32187242.16,26005666.44,21946510.28,20799247.2,28206331.52,17746863.6,6389675.64,11419409.32,13620072.16,10810542.48,7851751.32,8356584.36,8686958.8,9374718.4,7346877.68,2011.08
153,2011,41646637.52,32395453.24,26197023.16,22091337.92,20966674.8,28450163.28,17904210.4,6416242.96,11494656.48,13723155.24,10878685.72,7900089.48,8413888.04,8736010.2,9487243.6,7400154.52,2011.12
154,2011,41946137.36,32603664.32,26388379.88,22236165.56,21134102.4,28693995.04,18061557.2,6442810.28,11569903.64,13826238.32,10946828.96,7948427.64,8471191.72,8785061.6,9599768.8,7453431.36,2011.16
155,2011,42245637.2,32811875.4,26579736.6,22380993.2,21301530.0,28937826.8,18218904.0,6469377.6,11645150.8,13929321.4,11014972.2,7996765.8,8528495.4,8834113.0,9712294.0,7506708.2,2011.2
156,2011,42545137.04,33020086.48,26771093.32,22525820.84,21468957.6,29181658.56,18376250.8,6495944.92,11720397.96,14032404.48,11083115.44,8045103.96,8585799.08,8883164.4,9824819.2,7559985.04,2011.24
157,2011,42844636.88,33228297.56,26962450.04,22670648.48,21636385.2,29425490.32,18533597.6,6522512.24,11795645.12,14135487.56,11151258.68,8093442.12,8643102.76,8932215.8,9937344.4,7613261.88,2011.28
158,2011,43144136.72,33436508.64,27153806.76,22815476.12,21803812.8,29669322.08,18690944.4,6549079.56,11870892.28,14238570.64,11219401.92,8141780.28,8700406.44,8981267.2,10049869.6,7666538.72,2011.32
159,2011,43443636.56,33644719.72,27345163.48,22960303.76,21971240.4,29913153.84,18848291.2,6575646.88,11946139.44,14341653.72,11287545.16,8190118.44,8757710.12,9030318.6,10162394.8,7719815.56,2011.36
160,2011,43743136.4,33852930.8,27536520.2,23105131.4,22138668.0,30156985.6,19005638.0,6602214.2,12021386.6,14444736.8,11355688.4,8238456.6,8815013.8,9079370.0,10274920.0,7773092.4,2011.4
161,2011,44042636.24,34061141.88,27727876.92,23249959.04,22306095.6,30400817.36,19162984.8,6628781.52,12096633.76,14547819.88,11423831.64,8286794.76,8872317.48,9128421.4,10387445.2,7826369.24,2011.44
162,2011,44342136.08,34269352.96,27919233.64,23394786.68,22473523.2,30644649.12,19320331.6,6655348.84,12171880.92,14650902.96,11491974.88,8335132.92,8929621.16,9177472.8,10499970.4,7879646.08,2011.48
163,2011,44641635.92,34477564.04,28110590.36,23539614.32,22640950.8,30888480.88,19477678.4,6681916.16,12247128.08,14753986.04,11560118.120000001,8383471.08,8986924.84,9226524.2,10612495.6,7932922.92,2011.52
164,2011,44941135.76,34685775.12,28301947.08,23684441.96,22808378.4,31132312.64,19635025.2,6708483.48,12322375.24,14857069.120000001,11628261.36,8431809.24,9044228.52,9275575.6,10725020.8,7986199.76,2011.56
165,2011,45240635.6,34893986.2,28493303.8,23829269.6,22975806.0,31376144.4,19792372.0,6735050.8,12397622.4,14960152.2,11696404.6,8480147.4,9101532.2,9324627.0,10837546.0,8039476.6,2011.6
166,2011,45540135.44,35102197.28,28684660.52,23974097.240000002,23143233.6,31619976.16,19949718.8,6761618.12,12472869.56,15063235.28,11764547.84,8528485.56,9158835.88,9373678.4,10950071.2,8092753.4399999995,2011.64
167,2011,45839635.28,35310408.36,28876017.240000002,24118924.88,23310661.2,31863807.92,20107065.6,6788185.44,12548116.72,15166318.36,11832691.08,8576823.72,9216139.56,9422729.8,11062596.4,8146030.28,2011.68
168,2011,46139135.12,35518619.44,29067373.96,24263752.52,23478088.8,32107639.68,20264412.4,6814752.76,12623363.88,15269401.44,11900834.32,8625161.88,9273443.24,9471781.2,11175121.6,8199307.12,2011.72
169,2011,46438634.96,35726830.519999996,29258730.68,24408580.16,23645516.4,32351471.44,20421759.2,6841320.08,12698611.04,15372484.52,11968977.56,8673500.04,9330746.92,9520832.6,11287646.8,8252583.96,2011.76
170,2011,46738134.8,35935041.6,29450087.4,24553407.8,23812944.0,32595303.2,20579106.0,6867887.4,12773858.2,15475567.6,12037120.8,8721838.2,9388050.6,9569884.0,11400172.0,8305860.8,2011.8
171,2011,47037634.64,36143252.68,29641444.12,24698235.44,23980371.6,32839134.96,20736452.8,6894454.72,12849105.36,15578650.68,12105264.04,8770176.36,9445354.28,9618935.4,11512697.2,8359137.64,2011.84
172,2011,47337134.480000004,36351463.76,29832800.84,24843063.08,24147799.2,33082966.72,20893799.6,6921022.04,12924352.52,15681733.76,12173407.28,8818514.52,9502657.96,9667986.8,11625222.4,8412414.48,2011.88
173,2011,47636634.32,36559674.84,30024157.56,24987890.72,24315226.8,33326798.48,21051146.4,6947589.36,12999599.68,15784816.84,12241550.52,8866852.68,9559961.64,9717038.2,11737747.6,8465691.32,2011.92
174,2011,47936134.16,36767885.92,30215514.28,25132718.36,24482654.4,33570630.24,21208493.2,6974156.68,13074846.84,15887899.92,12309693.76,8915190.84,9617265.32,9766089.6,11850272.8,8518968.16,2011.96
175,2012,48235634.0,36976097.0,30406871.0,25277546.0,24650082.0,33814462.0,21365840.0,7000724.0,13150094.0,15990983.0,12377837.0,8963529.0,9674569.0,9815141.0,11962798.0,8572245.0,2012.0
176,2012,48543313.44,37206495.48,30600236.32,25438965.4,24821753.76,34065490.92,21535325.36,7030422.72,13226996.84,16093910.32,12442182.56,9013430.88,9738273.32,9863626.68,12060718.72,8630179.8,2012.04
177,2012,48850992.88,37436893.96,30793601.64,25600384.8,24993425.52,34316519.84,21704810.72,7060121.44,13303899.68,16196837.64,12506528.12,9063332.76,9801977.64,9912112.36,12158639.44,8688114.6,2012.08
178,2012,49158672.32,37667292.44,30986966.96,25761804.2,25165097.28,34567548.76,21874296.08,7089820.16,13380802.52,16299764.96,12570873.68,9113234.64,9865681.96,9960598.04,12256560.16,8746049.4,2012.12
179,2012,49466351.76,37897690.92,31180332.28,25923223.6,25336769.04,34818577.68,22043781.44,7119518.88,13457705.36,16402692.28,12635219.24,9163136.52,9929386.28,10009083.72,12354480.88,8803984.2,2012.16
180,2012,49774031.2,38128089.4,31373697.6,26084643.0,25508440.8,35069606.6,22213266.8,7149217.6,13534608.2,16505619.6,12699564.8,9213038.4,9993090.6,10057569.4,12452401.6,8861919.0,2012.2
181,2012,50081710.64,38358487.88,31567062.92,26246062.4,25680112.56,35320635.52,22382752.16,7178916.32,13611511.04,16608546.92,12763910.36,9262940.28,10056794.92,10106055.08,12550322.32,8919853.8,2012.24
182,2012,50389390.08,38588886.36,31760428.24,26407481.8,25851784.32,35571664.44,22552237.52,7208615.04,13688413.88,16711474.24,12828255.92,9312842.16,10120499.24,10154540.76,12648243.04,8977788.6,2012.28
183,2012,50697069.52,38819284.84,31953793.56,26568901.2,26023456.08,35822693.36,22721722.88,7238313.76,13765316.72,16814401.56,12892601.48,9362744.04,10184203.56,10203026.44,12746163.76,9035723.4,2012.32
184,2012,51004748.96,39049683.32,32147158.88,26730320.6,26195127.84,36073722.28,22891208.24,7268012.48,13842219.56,16917328.88,12956947.04,9412645.92,10247907.88,10251512.12,12844084.48,9093658.2,2012.36
185,2012,51312428.4,39280081.8,32340524.2,26891740.0,26366799.6,36324751.2,23060693.6,7297711.2,13919122.4,17020256.2,13021292.6,9462547.8,10311612.2,10299997.8,12942005.2,9151593.0,2012.4
186,2012,51620107.84,39510480.28,32533889.52,27053159.4,26538471.36,36575780.12,23230178.96,7327409.92,13996025.24,17123183.52,13085638.16,9512449.68,10375316.52,10348483.48,13039925.92,9209527.8,2012.44
187,2012,51927787.28,39740878.76,32727254.84,27214578.8,26710143.12,36826809.04,23399664.32,7357108.64,14072928.08,17226110.84,13149983.72,9562351.56,10439020.84,10396969.16,13137846.64,9267462.6,2012.48
188,2012,52235466.72,39971277.24,32920620.16,27375998.2,26881814.88,37077837.96,23569149.68,7386807.36,14149830.92,17329038.16,13214329.28,9612253.44,10502725.16,10445454.84,13235767.36,9325397.4,2012.52
189,2012,52543146.16,40201675.72,33113985.48,27537417.6,27053486.64,37328866.88,23738635.04,7416506.08,14226733.76,17431965.48,13278674.84,9662155.32,10566429.48,10493940.52,13333688.08,9383332.2,2012.56
190,2012,52850825.6,40432074.2,33307350.8,27698837.0,27225158.4,37579895.8,23908120.4,7446204.8,14303636.6,17534892.8,13343020.4,9712057.2,10630133.8,10542426.2,13431608.8,9441267.0,2012.6
191,2012,53158505.04,40662472.68,33500716.12,27860256.4,27396830.16,37830924.72,24077605.759999998,7475903.52,14380539.44,17637820.12,13407365.96,9761959.08,10693838.12,10590911.88,13529529.52,9499201.8,2012.64
192,2012,53466184.480000004,40892871.16,33694081.44,28021675.8,27568501.92,38081953.64,24247091.12,7505602.24,14457442.28,17740747.44,13471711.52,9811860.96,10757542.44,10639397.56,13627450.24,9557136.6,2012.68
193,2012,53773863.92,41123269.64,33887446.76,28183095.2,27740173.68,38332982.56,24416576.48,7535300.96,14534345.12,17843674.76,13536057.08,9861762.84,10821246.76,10687883.24,13725370.96,9615071.4,2012.72
194,2012,54081543.36,41353668.12,34080812.08,28344514.6,27911845.44,38584011.480000004,24586061.84,7564999.68,14611247.96,17946602.08,13600402.64,9911664.72,10884951.08,10736368.92,13823291.68,9673006.2,2012.76
195,2012,54389222.8,41584066.6,34274177.4,28505934.0,28083517.2,38835040.4,24755547.2,7594698.4,14688150.8,18049529.4,13664748.2,9961566.6,10948655.4,10784854.6,13921212.4,9730941.0,2012.8
196,2012,54696902.24,41814465.08,34467542.72,28667353.4,28255188.96,39086069.32,24925032.56,7624397.12,14765053.64,18152456.72,13729093.76,10011468.48,11012359.72,10833340.28,14019133.120000001,9788875.8,2012.84
197,2012,55004581.68,42044863.56,34660908.04,28828772.8,28426860.72,39337098.24,25094517.92,7654095.84,14841956.48,18255384.04,13793439.32,10061370.36,11076064.04,10881825.96,14117053.84,9846810.6,2012.88
198,2012,55312261.12,42275262.04,34854273.36,28990192.2,28598532.48,39588127.16,25264003.28,7683794.5600000005,14918859.32,18358311.36,13857784.879999999,10111272.24,11139768.36,10930311.64,14214974.56,9904745.4,2012.92
199,2012,55619940.56,42505660.52,35047638.68,29151611.6,28770204.240000002,39839156.08,25433488.64,7713493.28,14995762.16,18461238.68,13922130.44,10161174.12,11203472.68,10978797.32,14312895.280000001,9962680.2,2012.96
200,2013,55927620.0,42736059.0,35241004.0,29313031.0,28941876.0,40090185.0,25602974.0,7743192.0,15072665.0,18564166.0,13986476.0,10211076.0,11267177.0,11027283.0,14410816.0,10020615.0,2013.0
201,2013,56242460.32,42968875.52,35427274.8,29482058.32,29123023.48,40347999.8,25782170.72,7771462.24,15150314.52,18674583.48,14061136.4,10263529.24,11336520.72,11077159.84,14515028.6,10084722.96,2013.04
202,2013,56557300.64,43201692.04,35613545.6,29651085.64,29304170.96,40605814.6,25961367.44,7799732.48,15227964.04,18785000.96,14135796.8,10315982.48,11405864.44,11127036.68,14619241.2,10148830.92,2013.08
203,2013,56872140.96,43434508.56,35799816.4,29820112.96,29485318.44,40863629.4,26140564.16,7828002.72,15305613.56,18895418.44,14210457.2,10368435.72,11475208.16,11176913.52,14723453.8,10212938.88,2013.12
204,2013,57186981.28,43667325.08,35986087.2,29989140.28,29666465.92,41121444.2,26319760.88,7856272.96,15383263.08,19005835.92,14285117.6,10420888.96,11544551.88,11226790.36,14827666.4,10277046.84,2013.16
205,2013,57501821.6,43900141.6,36172358.0,30158167.6,29847613.4,41379259.0,26498957.6,7884543.2,15460912.6,19116253.4,14359778.0,10473342.2,11613895.6,11276667.2,14931879.0,10341154.8,2013.2
206,2013,57816661.92,44132958.12,36358628.8,30327194.92,30028760.88,41637073.8,26678154.32,7912813.44,15538562.12,19226670.88,14434438.4,10525795.44,11683239.32,11326544.04,15036091.6,10405262.76,2013.24
207,2013,58131502.24,44365774.64,36544899.6,30496222.24,30209908.36,41894888.6,26857351.04,7941083.68,15616211.64,19337088.36,14509098.8,10578248.68,11752583.04,11376420.88,15140304.2,10469370.72,2013.28
208,2013,58446342.56,44598591.16,36731170.4,30665249.56,30391055.84,42152703.4,27036547.76,7969353.92,15693861.16,19447505.84,14583759.2,10630701.92,11821926.76,11426297.72,15244516.8,10533478.68,2013.32
209,2013,58761182.88,44831407.68,36917441.2,30834276.88,30572203.32,42410518.2,27215744.48,7997624.16,15771510.68,19557923.32,14658419.6,10683155.16,11891270.48,11476174.56,15348729.4,10597586.64,2013.36
210,2013,59076023.2,45064224.2,37103712.0,31003304.2,30753350.8,42668333.0,27394941.2,8025894.4,15849160.2,19668340.8,14733080.0,10735608.4,11960614.2,11526051.4,15452942.0,10661694.6,2013.4
211,2013,59390863.52,45297040.72,37289982.8,31172331.52,30934498.28,42926147.8,27574137.92,8054164.64,15926809.72,19778758.28,14807740.4,10788061.64,12029957.92,11575928.24,15557154.6,10725802.56,2013.44
212,2013,59705703.84,45529857.24,37476253.6,31341358.84,31115645.76,43183962.6,27753334.64,8082434.88,16004459.24,19889175.76,14882400.8,10840514.88,12099301.64,11625805.08,15661367.2,10789910.52,2013.48
213,2013,60020544.16,45762673.76,37662524.4,31510386.16,31296793.240000002,43441777.4,27932531.36,8110705.12,16082108.76,19999593.24,14957061.2,10892968.12,12168645.36,11675681.92,15765579.8,10854018.48,2013.52
214,2013,60335384.480000004,45995490.28,37848795.2,31679413.48,31477940.72,43699592.2,28111728.08,8138975.36,16159758.28,20110010.72,15031721.6,10945421.36,12237989.08,11725558.76,15869792.4,10918126.44,2013.56
215,2013,60650224.8,46228306.8,38035066.0,31848440.8,31659088.2,43957407.0,28290924.8,8167245.6,16237407.8,20220428.2,15106382.0,10997874.6,12307332.8,11775435.6,15974005.0,10982234.4,2013.6
216,2013,60965065.12,46461123.32,38221336.8,32017468.12,31840235.68,44215221.8,28470121.52,8195515.84,16315057.32,20330845.68,15181042.4,11050327.84,12376676.52,11825312.44,16078217.6,11046342.36,2013.64
217,2013,61279905.44,46693939.84,38407607.6,32186495.44,32021383.16,44473036.6,28649318.240000002,8223786.08,16392706.84,20441263.16,15255702.8,11102781.08,12446020.24,11875189.28,16182430.2,11110450.32,2013.68
218,2013,61594745.76,46926756.36,38593878.4,32355522.76,32202530.64,44730851.4,28828514.96,8252056.32,16470356.36,20551680.64,15330363.2,11155234.32,12515363.96,11925066.12,16286642.8,11174558.28,2013.72
219,2013,61909586.08,47159572.88,38780149.2,32524550.08,32383678.12,44988666.2,29007711.68,8280326.5600000005,16548005.88,20662098.12,15405023.6,11207687.56,12584707.68,11974942.96,16390855.4,11238666.24,2013.76
220,2013,62224426.4,47392389.4,38966420.0,32693577.4,32564825.6,45246481.0,29186908.4,8308596.8,16625655.4,20772515.6,15479684.0,11260140.8,12654051.4,12024819.8,16495068.0,11302774.2,2013.8
221,2013,62539266.72,47625205.92,39152690.8,32862604.72,32745973.08,45504295.8,29366105.12,8336867.04,16703304.92,20882933.08,15554344.4,11312594.04,12723395.120000001,12074696.64,16599280.6,11366882.16,2013.84
222,2013,62854107.04,47858022.44,39338961.6,33031632.04,32927120.56,45762110.6,29545301.84,8365137.28,16780954.44,20993350.56,15629004.8,11365047.28,12792738.84,12124573.48,16703493.2,11430990.12,2013.88
223,2013,63168947.36,48090838.96,39525232.4,33200659.36,33108268.04,46019925.4,29724498.56,8393407.52,16858603.96,21103768.04,15703665.2,11417500.52,12862082.56,12174450.32,16807705.8,11495098.08,2013.92
224,2013,63483787.68,48323655.48,39711503.2,33369686.68,33289415.52,46277740.2,29903695.28,8421677.76,16936253.48,21214185.52,15778325.6,11469953.76,12931426.28,12224327.16,16911918.4,11559206.04,2013.96
225,2014,63798628.0,48556472.0,39897774.0,33538714.0,33470563.0,46535555.0,30082892.0,8449948.0,17013903.0,21324603.0,15852986.0,11522407.0,13000770.0,12274204.0,17016131.0,11623314.0,2014.0
226,2014,64116431.8,48798755.8,40069153.96,33715384.28,33656315.36,46784603.64,30266060.64,8475568.28,17093187.8,21431798.76,15931013.24,11580395.44,13078929.76,12318560.48,17124678.84,11691588.32,2014.04
227,2014,64434235.6,49041039.6,40240533.92,33892054.56,33842067.72,47033652.28,30449229.28,8501188.56,17172472.6,21538994.52,16009040.48,11638383.88,13157089.52,12362916.96,17233226.68,11759862.64,2014.08
228,2014,64752039.4,49283323.4,40411913.88,34068724.84,34027820.08,47282700.92,30632397.92,8526808.84,17251757.4,21646190.28,16087067.72,11696372.32,13235249.28,12407273.44,17341774.52,11828136.96,2014.12
229,2014,65069843.2,49525607.2,40583293.84,34245395.12,34213572.44,47531749.56,30815566.56,8552429.12,17331042.2,21753386.04,16165094.96,11754360.76,13313409.04,12451629.92,17450322.36,11896411.28,2014.16
230,2014,65387647.0,49767891.0,40754673.8,34422065.4,34399324.8,47780798.2,30998735.2,8578049.4,17410327.0,21860581.8,16243122.2,11812349.2,13391568.8,12495986.4,17558870.2,11964685.6,2014.2
231,2014,65705450.8,50010174.8,40926053.76,34598735.68,34585077.16,48029846.84,31181903.84,8603669.68,17489611.8,21967777.56,16321149.44,11870337.64,13469728.56,12540342.88,17667418.04,12032959.92,2014.24
232,2014,66023254.6,50252458.6,41097433.72,34775405.96,34770829.52,48278895.48,31365072.48,8629289.96,17568896.6,22074973.32,16399176.68,11928326.08,13547888.32,12584699.36,17775965.88,12101234.24,2014.28
233,2014,66341058.4,50494742.4,41268813.68,34952076.24,34956581.88,48527944.12,31548241.12,8654910.24,17648181.4,22182169.08,16477203.92,11986314.52,13626048.08,12629055.84,17884513.72,12169508.56,2014.32
234,2014,66658862.2,50737026.2,41440193.64,35128746.52,35142334.24,48776992.76,31731409.76,8680530.52,17727466.2,22289364.84,16555231.16,12044302.96,13704207.84,12673412.32,17993061.56,12237782.88,2014.36
235,2014,66976666.0,50979310.0,41611573.6,35305416.8,35328086.6,49026041.4,31914578.4,8706150.8,17806751.0,22396560.6,16633258.4,12102291.4,13782367.6,12717768.8,18101609.4,12306057.2,2014.4
236,2014,67294469.8,51221593.8,41782953.56,35482087.08,35513838.96,49275090.04,32097747.04,8731771.08,17886035.8,22503756.36,16711285.64,12160279.84,13860527.36,12762125.28,18210157.24,12374331.52,2014.44
237,2014,67612273.6,51463877.6,41954333.52,35658757.36,35699591.32,49524138.68,32280915.68,8757391.36,17965320.6,22610952.12,16789312.88,12218268.28,13938687.12,12806481.76,18318705.08,12442605.84,2014.48
238,2014,67930077.4,51706161.4,42125713.48,35835427.64,35885343.68,49773187.32,32464084.32,8783011.64,18044605.4,22718147.88,16867340.12,12276256.72,14016846.879999999,12850838.24,18427252.92,12510880.16,2014.52
239,2014,68247881.2,51948445.2,42297093.44,36012097.92,36071096.04,50022235.96,32647252.96,8808631.92,18123890.2,22825343.64,16945367.36,12334245.16,14095006.64,12895194.72,18535800.76,12579154.48,2014.56
240,2014,68565685.0,52190729.0,42468473.4,36188768.2,36256848.4,50271284.6,32830421.6,8834252.2,18203175.0,22932539.4,17023394.6,12392233.6,14173166.4,12939551.2,18644348.6,12647428.8,2014.6
241,2014,68883488.8,52433012.8,42639853.36,36365438.48,36442600.76,50520333.24,33013590.240000002,8859872.48,18282459.8,23039735.16,17101421.84,12450222.04,14251326.16,12983907.68,18752896.44,12715703.120000001,2014.64
242,2014,69201292.6,52675296.6,42811233.32,36542108.76,36628353.12,50769381.88,33196758.88,8885492.76,18361744.6,23146930.92,17179449.08,12508210.48,14329485.92,13028264.16,18861444.28,12783977.44,2014.68
243,2014,69519096.4,52917580.4,42982613.28,36718779.04,36814105.48,51018430.52,33379927.52,8911113.04,18441029.4,23254126.68,17257476.32,12566198.92,14407645.68,13072620.64,18969992.12,12852251.76,2014.72
244,2014,69836900.2,53159864.2,43153993.24,36895449.32,36999857.84,51267479.16,33563096.16,8936733.32,18520314.2,23361322.44,17335503.56,12624187.36,14485805.44,13116977.120000001,19078539.96,12920526.08,2014.76
245,2014,70154704.0,53402148.0,43325373.2,37072119.6,37185610.2,51516527.8,33746264.8,8962353.6,18599599.0,23468518.2,17413530.8,12682175.8,14563965.2,13161333.6,19187087.8,12988800.4,2014.8
246,2014,70472507.8,53644431.8,43496753.16,37248789.88,37371362.56,51765576.44,33929433.44,8987973.88,18678883.8,23575713.96,17491558.04,12740164.24,14642124.96,13205690.08,19295635.64,13057074.72,2014.84
247,2014,70790311.6,53886715.6,43668133.12,37425460.16,37557114.92,52014625.08,34112602.08,9013594.16,18758168.6,23682909.72,17569585.28,12798152.68,14720284.72,13250046.56,19404183.48,13125349.04,2014.88
248,2014,71108115.4,54128999.4,43839513.08,37602130.44,37742867.28,52263673.72,34295770.72,9039214.44,18837453.4,23790105.48,17647612.52,12856141.120000001,14798444.48,13294403.04,19512731.32,13193623.36,2014.92
249,2014,71425919.2,54371283.2,44010893.04,37778800.72,37928619.64,52512722.36,34478939.36,9064834.72,18916738.2,23897301.24,17725639.76,12914129.56,14876604.24,13338759.52,19621279.16,13261897.68,2014.96
250,2015,71743723.0,54613567.0,44182273.0,37955471.0,38114372.0,52761771.0,34662108.0,9090455.0,18996023.0,24004497.0,17803667.0,12972118.0,14954764.0,13383116.0,19729827.0,13330172.0,2015.0
251,2015,72066971.88,54859928.24,44344927.64,38144222.32,38304657.24,53016686.92,34847128.72,9115136.08,19085761.68,24112808.24,17880546.8,13030605.6,15039763.56,13425129.68,19844583.76,13400981.92,2015.04
252,2015,72390220.76,55106289.48,44507582.28,38332973.64,38494942.48,53271602.84,35032149.44,9139817.16,19175500.36,24221119.48,17957426.6,13089093.2,15124763.12,13467143.36,19959340.52,13471791.84,2015.08
253,2015,72713469.64,55352650.72,44670236.92,38521724.96,38685227.72,53526518.76,35217170.16,9164498.24,19265239.04,24329430.72,18034306.4,13147580.8,15209762.68,13509157.04,20074097.28,13542601.76,2015.12
254,2015,73036718.52,55599011.96,44832891.56,38710476.28,38875512.96,53781434.68,35402190.88,9189179.32,19354977.72,24437741.96,18111186.2,13206068.4,15294762.24,13551170.72,20188854.04,13613411.68,2015.16
255,2015,73359967.4,55845373.2,44995546.2,38899227.6,39065798.2,54036350.6,35587211.6,9213860.4,19444716.4,24546053.2,18188066.0,13264556.0,15379761.8,13593184.4,20303610.8,13684221.6,2015.2
256,2015,73683216.28,56091734.44,45158200.84,39087978.92,39256083.44,54291266.52,35772232.32,9238541.48,19534455.08,24654364.44,18264945.8,13323043.6,15464761.36,13635198.08,20418367.56,13755031.52,2015.24
257,2015,74006465.16,56338095.68,45320855.48,39276730.24,39446368.68,54546182.44,35957253.04,9263222.56,19624193.76,24762675.68,18341825.6,13381531.2,15549760.92,13677211.76,20533124.32,13825841.44,2015.28
258,2015,74329714.04,56584456.92,45483510.12,39465481.56,39636653.92,54801098.36,36142273.76,9287903.64,19713932.44,24870986.92,18418705.4,13440018.8,15634760.48,13719225.44,20647881.08,13896651.36,2015.32
259,2015,74652962.92,56830818.16,45646164.76,39654232.88,39826939.16,55056014.28,36327294.48,9312584.72,19803671.12,24979298.16,18495585.2,13498506.4,15719760.04,13761239.12,20762637.84,13967461.28,2015.36
260,2015,74976211.8,57077179.4,45808819.4,39842984.2,40017224.4,55310930.2,36512315.2,9337265.8,19893409.8,25087609.4,18572465.0,13556994.0,15804759.6,13803252.8,20877394.6,14038271.2,2015.4
261,2015,75299460.68,57323540.64,45971474.04,40031735.52,40207509.64,55565846.12,36697335.92,9361946.88,19983148.48,25195920.64,18649344.8,13615481.6,15889759.16,13845266.48,20992151.36,14109081.12,2015.44
262,2015,75622709.56,57569901.88,46134128.68,40220486.84,40397794.88,55820762.04,36882356.64,9386627.96,20072887.16,25304231.88,18726224.6,13673969.2,15974758.72,13887280.16,21106908.12,14179891.04,2015.48
263,2015,75945958.44,57816263.12,46296783.32,40409238.16,40588080.12,56075677.96,37067377.36,9411309.04,20162625.84,25412543.12,18803104.4,13732456.8,16059758.28,13929293.84,21221664.88,14250700.96,2015.52
264,2015,76269207.32,58062624.36,46459437.96,40597989.48,40778365.36,56330593.88,37252398.08,9435990.12,20252364.52,25520854.36,18879984.2,13790944.4,16144757.84,13971307.52,21336421.64,14321510.88,2015.56
265,2015,76592456.2,58308985.6,46622092.6,40786740.8,40968650.6,56585509.8,37437418.8,9460671.2,20342103.2,25629165.6,18956864.0,13849432.0,16229757.4,14013321.2,21451178.4,14392320.8,2015.6
266,2015,76915705.08,58555346.84,46784747.24,40975492.12,41158935.84,56840425.72,37622439.52,9485352.28,20431841.88,25737476.84,19033743.8,13907919.6,16314756.96,14055334.88,21565935.16,14463130.72,2015.64
267,2015,77238953.96,58801708.08,46947401.88,41164243.44,41349221.08,57095341.64,37807460.24,9510033.36,20521580.56,25845788.08,19110623.6,13966407.2,16399756.52,14097348.56,21680691.92,14533940.64,2015.68
268,2015,77562202.84,59048069.32,47110056.52,41352994.76,41539506.32,57350257.56,37992480.96,9534714.44,20611319.24,25954099.32,19187503.4,14024894.8,16484756.08,14139362.24,21795448.68,14604750.56,2015.72
269,2015,77885451.72,59294430.56,47272711.16,41541746.08,41729791.56,57605173.480000004,38177501.68,9559395.52,20701057.92,26062410.56,19264383.2,14083382.4,16569755.64,14181375.92,21910205.44,14675560.48,2015.76
270,2015,78208700.6,59540791.8,47435365.8,41730497.4,41920076.8,57860089.4,38362522.4,9584076.6,20790796.6,26170721.8,19341263.0,14141870.0,16654755.2,14223389.6,22024962.2,14746370.4,2015.8
271,2015,78531949.48,59787153.04,47598020.44,41919248.72,42110362.04,58115005.32,38547543.12,9608757.68,20880535.28,26279033.04,19418142.8,14200357.6,16739754.76,14265403.28,22139718.96,14817180.32,2015.84
272,2015,78855198.36,60033514.28,47760675.08,42108000.04,42300647.28,58369921.24,38732563.84,9633438.76,20970273.96,26387344.28,19495022.6,14258845.2,16824754.32,14307416.96,22254475.72,14887990.24,2015.88
273,2015,79178447.24,60279875.519999996,47923329.72,42296751.36,42490932.519999996,58624837.16,38917584.56,9658119.84,21060012.64,26495655.52,19571902.4,14317332.8,16909753.88,14349430.64,22369232.48,14958800.16,2015.92
274,2015,79501696.12,60526236.76,48085984.36,42485502.68,42681217.76,58879753.08,39102605.28,9682800.92,21149751.32,26603966.76,19648782.2,14375820.4,16994753.44,14391444.32,22483989.24,15029610.08,2015.96
275,2016,79824945.0,60772598.0,48248639.0,42674254.0,42871503.0,59134669.0,39287626.0,9707482.0,21239490.0,26712278.0,19725662.0,14434308.0,17079753.0,14433458.0,22598746.0,15100420.0,2016.0
276,2016,80159494.44,61016054.84,48412548.36,42877047.08,43071552.4,59398499.68,39454533.12,9729421.8,21334489.52,26834567.24,19788888.16,14495426.96,17173186.16,14473141.76,22702766.8,15174656.64,2016.04
277,2016,80494043.88,61259511.68,48576457.72,43079840.16,43271601.8,59662330.36,39621440.24,9751361.6,21429489.04,26956856.48,19852114.32,14556545.92,17266619.32,14512825.52,22806787.6,15248893.28,2016.08
278,2016,80828593.32,61502968.52,48740367.08,43282633.24,43471651.2,59926161.04,39788347.36,9773301.4,21524488.56,27079145.72,19915340.48,14617664.88,17360052.48,14552509.28,22910808.4,15323129.92,2016.12
279,2016,81163142.76,61746425.36,48904276.44,43485426.32,43671700.6,60189991.72,39955254.48,9795241.2,21619488.08,27201434.96,19978566.64,14678783.84,17453485.64,14592193.04,23014829.2,15397366.56,2016.16
280,2016,81497692.2,61989882.2,49068185.8,43688219.4,43871750.0,60453822.4,40122161.6,9817181.0,21714487.6,27323724.2,20041792.8,14739902.8,17546918.8,14631876.8,23118850.0,15471603.2,2016.2
281,2016,81832241.64,62233339.04,49232095.16,43891012.48,44071799.4,60717653.08,40289068.72,9839120.8,21809487.12,27446013.44,20105018.96,14801021.76,17640351.96,14671560.56,23222870.8,15545839.84,2016.24
282,2016,82166791.08,62476795.88,49396004.52,44093805.56,44271848.8,60981483.76,40455975.84,9861060.6,21904486.64,27568302.68,20168245.12,14862140.72,17733785.12,14711244.32,23326891.6,15620076.48,2016.28
283,2016,82501340.52,62720252.72,49559913.88,44296598.64,44471898.2,61245314.44,40622882.96,9883000.4,21999486.16,27690591.92,20231471.28,14923259.68,17827218.28,14750928.08,23430912.4,15694313.12,2016.32
284,2016,82835889.96,62963709.56,49723823.24,44499391.72,44671947.6,61509145.12,40789790.08,9904940.2,22094485.68,27812881.16,20294697.44,14984378.64,17920651.44,14790611.84,23534933.2,15768549.76,2016.36
285,2016,83170439.4,63207166.4,49887732.6,44702184.8,44871997.0,61772975.8,40956697.2,9926880.0,22189485.2,27935170.4,20357923.6,15045497.6,18014084.6,14830295.6,23638954.0,15842786.4,2016.4
286,2016,83504988.84,63450623.24,50051641.96,44904977.88,45072046.4,62036806.48,41123604.32,9948819.8,22284484.72,28057459.64,20421149.76,15106616.56,18107517.76,14869979.36,23742974.8,15917023.04,2016.44
287,2016,83839538.28,63694080.08,50215551.32,45107770.96,45272095.8,62300637.16,41290511.44,9970759.6,22379484.24,28179748.88,20484375.92,15167735.52,18200950.92,14909663.12,23846995.6,15991259.68,2016.48
288,2016,84174087.72,63937536.92,50379460.68,45310564.04,45472145.2,62564467.84,41457418.56,9992699.4,22474483.76,28302038.12,20547602.08,15228854.48,18294384.08,14949346.88,23951016.4,16065496.32,2016.52
289,2016,84508637.16,64180993.76,50543370.04,45513357.12,45672194.6,62828298.52,41624325.68,10014639.2,22569483.28,28424327.36,20610828.24,15289973.44,18387817.24,14989030.64,24055037.2,16139732.96,2016.56
290,2016,84843186.6,64424450.6,50707279.4,45716150.2,45872244.0,63092129.2,41791232.8,10036579.0,22664482.8,28546616.6,20674054.4,15351092.4,18481250.4,15028714.4,24159058.0,16213969.6,2016.6
291,2016,85177736.04,64667907.44,50871188.76,45918943.28,46072293.4,63355959.88,41958139.92,10058518.8,22759482.32,28668905.84,20737280.56,15412211.36,18574683.56,15068398.16,24263078.8,16288206.24,2016.64
292,2016,85512285.48,64911364.28,51035098.12,46121736.36,46272342.8,63619790.56,42125047.04,10080458.6,22854481.84,28791195.08,20800506.72,15473330.32,18668116.72,15108081.92,24367099.6,16362442.879999999,2016.68
293,2016,85846834.92,65154821.12,51199007.48,46324529.44,46472392.2,63883621.24,42291954.16,10102398.4,22949481.36,28913484.32,20863732.88,15534449.28,18761549.88,15147765.68,24471120.4,16436679.52,2016.72
294,2016,86181384.36,65398277.96,51362916.84,46527322.519999996,46672441.6,64147451.92,42458861.28,10124338.2,23044480.88,29035773.56,20926959.04,15595568.24,18854983.04,15187449.44,24575141.2,16510916.16,2016.76
295,2016,86515933.8,65641734.8,51526826.2,46730115.6,46872491.0,64411282.6,42625768.4,10146278.0,23139480.4,29158062.8,20990185.2,15656687.2,18948416.2,15227133.2,24679162.0,16585152.8,2016.8
296,2016,86850483.24,65885191.64,51690735.56,46932908.68,47072540.4,64675113.28,42792675.52,10168217.8,23234479.92,29280352.04,21053411.36,15717806.16,19041849.36,15266816.96,24783182.8,16659389.44,2016.84
297,2016,87185032.68,66128648.48,51854644.92,47135701.76,47272589.8,64938943.96,42959582.64,10190157.6,23329479.44,29402641.28,21116637.52,15778925.12,19135282.52,15306500.72,24887203.6,16733626.08,2016.88
298,2016,87519582.12,66372105.32,52018554.28,47338494.84,47472639.2,65202774.64,43126489.76,10212097.4,23424478.96,29524930.52,21179863.68,15840044.08,19228715.68,15346184.48,24991224.4,16807862.72,2016.92
299,2016,87854131.56,66615562.16,52182463.64,47541287.92,47672688.6,65466605.32,43293396.88,10234037.2,23519478.48,29647219.76,21243089.84,15901163.04,19322148.84,15385868.24,25095245.2,16882099.36,2016.96
300,2017,88188681.0,66859019.0,52346373.0,47744081.0,47872738.0,65730436.0,43460304.0,10255977.0,23614478.0,29769509.0,21306316.0,15962282.0,19415582.0,15425552.0,25199266.0,16956336.0,2017.0
301,2017,88528088.36,67076875.4,52512860.24,47946398.24,48068483.36,65997728.48,43630411.76,10277064.76,23706067.04,29898562.24,21366862.72,16024661.48,19509630.12,15465285.2,25306898.04,17031572.6,2017.04
302,2017,88867495.72,67294731.8,52679347.48,48148715.48,48264228.72,66265020.96,43800519.52,10298152.52,23797656.08,30027615.48,21427409.44,16087040.96,19603678.24,15505018.4,25414530.08,17106809.2,2017.08
303,2017,89206903.08,67512588.2,52845834.72,48351032.72,48459974.08,66532313.44,43970627.28,10319240.28,23889245.12,30156668.72,21487956.16,16149420.44,19697726.36,15544751.6,25522162.12,17182045.8,2017.12
304,2017,89546310.44,67730444.6,53012321.96,48553349.96,48655719.44,66799605.92,44140735.04,10340328.04,23980834.16,30285721.96,21548502.88,16211799.92,19791774.48,15584484.8,25629794.16,17257282.4,2017.16
305,2017,89885717.8,67948301.0,53178809.2,48755667.2,48851464.8,67066898.4,44310842.8,10361415.8,24072423.2,30414775.2,21609049.6,16274179.4,19885822.6,15624218.0,25737426.2,17332519.0,2017.2
306,2017,90225125.16,68166157.4,53345296.44,48957984.44,49047210.16,67334190.88,44480950.56,10382503.56,24164012.24,30543828.44,21669596.32,16336558.88,19979870.72,15663951.2,25845058.24,17407755.6,2017.24
307,2017,90564532.52,68384013.8,53511783.68,49160301.68,49242955.52,67601483.36,44651058.32,10403591.32,24255601.28,30672881.68,21730143.04,16398938.36,20073918.84,15703684.4,25952690.28,17482992.2,2017.28
308,2017,90903939.88,68601870.2,53678270.92,49362618.92,49438700.88,67868775.84,44821166.08,10424679.08,24347190.32,30801934.92,21790689.76,16461317.84,20167966.96,15743417.6,26060322.32,17558228.8,2017.32
309,2017,91243347.24,68819726.6,53844758.16,49564936.16,49634446.24,68136068.32,44991273.84,10445766.84,24438779.36,30930988.16,21851236.48,16523697.32,20262015.08,15783150.8,26167954.36,17633465.4,2017.36
310,2017,91582754.6,69037583.0,54011245.4,49767253.4,49830191.6,68403360.8,45161381.6,10466854.6,24530368.4,31060041.4,21911783.2,16586076.8,20356063.2,15822884.0,26275586.4,17708702.0,2017.4
311,2017,91922161.96,69255439.4,54177732.64,49969570.64,50025936.96,68670653.28,45331489.36,10487942.36,24621957.44,31189094.64,21972329.92,16648456.28,20450111.32,15862617.2,26383218.44,17783938.6,2017.44
312,2017,92261569.32,69473295.8,54344219.88,50171887.88,50221682.32,68937945.76,45501597.12,10509030.12,24713546.48,31318147.88,22032876.64,16710835.76,20544159.44,15902350.4,26490850.48,17859175.2,2017.48
313,2017,92600976.68,69691152.2,54510707.12,50374205.12,50417427.68,69205238.24,45671704.88,10530117.88,24805135.52,31447201.12,22093423.36,16773215.24,20638207.56,15942083.6,26598482.52,17934411.8,2017.52
314,2017,92940384.04,69909008.6,54677194.36,50576522.36,50613173.04,69472530.72,45841812.64,10551205.64,24896724.56,31576254.36,22153970.08,16835594.72,20732255.68,15981816.8,26706114.56,18009648.4,2017.56
315,2017,93279791.4,70126865.0,54843681.6,50778839.6,50808918.4,69739823.2,46011920.4,10572293.4,24988313.6,31705307.6,22214516.8,16897974.2,20826303.8,16021550.0,26813746.6,18084885.0,2017.6
316,2017,93619198.76,70344721.4,55010168.84,50981156.84,51004663.76,70007115.68,46182028.16,10593381.16,25079902.64,31834360.84,22275063.52,16960353.68,20920351.92,16061283.2,26921378.64,18160121.6,2017.64
317,2017,93958606.12,70562577.8,55176656.08,51183474.08,51200409.12,70274408.16,46352135.92,10614468.92,25171491.68,31963414.08,22335610.24,17022733.16,21014400.04,16101016.4,27029010.68,18235358.2,2017.68
318,2017,94298013.48,70780434.2,55343143.32,51385791.32,51396154.48,70541700.64,46522243.68,10635556.68,25263080.72,32092467.32,22396156.96,17085112.64,21108448.16,16140749.6,27136642.72,18310594.8,2017.72
319,2017,94637420.84,70998290.6,55509630.56,51588108.56,51591899.84,70808993.12,46692351.44,10656644.44,25354669.759999998,32221520.56,22456703.68,17147492.12,21202496.28,16180482.8,27244274.759999998,18385831.4,2017.76
320,2017,94976828.2,71216147.0,55676117.8,51790425.8,51787645.2,71076285.6,46862459.2,10677732.2,25446258.8,32350573.8,22517250.4,17209871.6,21296544.4,16220216.0,27351906.8,18461068.0,2017.8
321,2017,95316235.56,71434003.4,55842605.04,51992743.04,51983390.56,71343578.08,47032566.96,10698819.96,25537847.84,32479627.04,22577797.12,17272251.08,21390592.52,16259949.2,27459538.84,18536304.6,2017.84
322,2017,95655642.92,71651859.8,56009092.28,52195060.28,52179135.92,71610870.56,47202674.72,10719907.72,25629436.88,32608680.28,22638343.84,17334630.56,21484640.64,16299682.4,27567170.88,18611541.2,2017.88
323,2017,95995050.28,71869716.2,56175579.519999996,52397377.519999996,52374881.28,71878163.03999999,47372782.480000004,10740995.48,25721025.92,32737733.52,22698890.56,17397010.04,21578688.759999998,16339415.6,27674802.92,18686777.8,2017.92
324,2017,96334457.64,72087572.6,56342066.76,52599694.76,52570626.64,72145455.52,47542890.24,10762083.24,25812614.96,32866786.76,22759437.28,17459389.52,21672736.88,16379148.8,27782434.96,18762014.4,2017.96
325,2018,96673865.0,72305429.0,56508554.0,52802012.0,52766372.0,72412748.0,47712998.0,10783171.0,25904204.0,32995840.0,22819984.0,17521769.0,21766785.0,16418882.0,27890067.0,18837251.0,2018.0
326,2018,97016991.2,72506036.84,56664191.28,53001035.76,52946284.72,72677578.48,47880901.4,10802446.08,25992541.92,33112508.8,22876438.72,17580140.16,21865474.52,16457394.64,27997321.28,18916609.28,2018.04
327,2018,97360117.4,72706644.68,56819828.56,53200059.52,53126197.44,72942408.96,48048804.8,10821721.16,26080879.84,33229177.6,22932893.44,17638511.32,21964164.04,16495907.28,28104575.56,18995967.56,2018.08
328,2018,97703243.6,72907252.52,56975465.84,53399083.28,53306110.16,73207239.44,48216708.2,10840996.24,26169217.76,33345846.4,22989348.16,17696882.48,22062853.56,16534419.92,28211829.84,19075325.84,2018.12
329,2018,98046369.8,73107860.36,57131103.12,53598107.04,53486022.88,73472069.92,48384611.6,10860271.32,26257555.68,33462515.2,23045802.88,17755253.64,22161543.08,16572932.56,28319084.12,19154684.12,2018.16
330,2018,98389496.0,73308468.2,57286740.4,53797130.8,53665935.6,73736900.4,48552515.0,10879546.4,26345893.6,33579184.0,23102257.6,17813624.8,22260232.6,16611445.2,28426338.4,19234042.4,2018.2
331,2018,98732622.2,73509076.04,57442377.68,53996154.56,53845848.32,74001730.88,48720418.4,10898821.48,26434231.52,33695852.8,23158712.32,17871995.96,22358922.12,16649957.84,28533592.68,19313400.68,2018.24
332,2018,99075748.4,73709683.88,57598014.96,54195178.32,54025761.04,74266561.36,48888321.8,10918096.56,26522569.44,33812521.6,23215167.04,17930367.12,22457611.64,16688470.48,28640846.96,19392758.96,2018.28
333,2018,99418874.6,73910291.72,57753652.24,54394202.08,54205673.76,74531391.84,49056225.2,10937371.64,26610907.36,33929190.4,23271621.76,17988738.28,22556301.16,16726983.12,28748101.24,19472117.24,2018.32
334,2018,99762000.8,74110899.56,57909289.52,54593225.84,54385586.48,74796222.32,49224128.6,10956646.72,26699245.28,34045859.2,23328076.48,18047109.44,22654990.68,16765495.76,28855355.52,19551475.52,2018.36
335,2018,100105127.0,74311507.4,58064926.8,54792249.6,54565499.2,75061052.8,49392032.0,10975921.8,26787583.2,34162528.0,23384531.2,18105480.6,22753680.2,16804008.4,28962609.8,19630833.8,2018.4
336,2018,100448253.2,74512115.24,58220564.08,54991273.36,54745411.92,75325883.28,49559935.4,10995196.88,26875921.12,34279196.8,23440985.92,18163851.76,22852369.72,16842521.04,29069864.08,19710192.08,2018.44
337,2018,100791379.4,74712723.08,58376201.36,55190297.12,54925324.64,75590713.76,49727838.8,11014471.96,26964259.04,34395865.6,23497440.64,18222222.92,22951059.24,16881033.68,29177118.36,19789550.36,2018.48
338,2018,101134505.6,74913330.92,58531838.64,55389320.88,55105237.36,75855544.24,49895742.2,11033747.04,27052596.96,34512534.4,23553895.36,18280594.08,23049748.76,16919546.32,29284372.64,19868908.64,2018.52
339,2018,101477631.8,75113938.76,58687475.92,55588344.64,55285150.08,76120374.72,50063645.6,11053022.12,27140934.88,34629203.2,23610350.08,18338965.24,23148438.28,16958058.96,29391626.92,19948266.92,2018.56
340,2018,101820758.0,75314546.6,58843113.2,55787368.4,55465062.8,76385205.2,50231549.0,11072297.2,27229272.8,34745872.0,23666804.8,18397336.4,23247127.8,16996571.6,29498881.2,20027625.2,2018.6
341,2018,102163884.2,75515154.44,58998750.48,55986392.16,55644975.52,76650035.68,50399452.4,11091572.28,27317610.72,34862540.8,23723259.52,18455707.56,23345817.32,17035084.24,29606135.48,20106983.48,2018.64
342,2018,102507010.4,75715762.28,59154387.76,56185415.92,55824888.24,76914866.16,50567355.8,11110847.36,27405948.64,34979209.6,23779714.24,18514078.72,23444506.84,17073596.88,29713389.76,20186341.76,2018.68
343,2018,102850136.6,75916370.12,59310025.04,56384439.68,56004800.96,77179696.64,50735259.2,11130122.44,27494286.56,35095878.4,23836168.96,18572449.88,23543196.36,17112109.52,29820644.04,20265700.04,2018.72
344,2018,103193262.8,76116977.96,59465662.32,56583463.44,56184713.68,77444527.12,50903162.6,11149397.52,27582624.48,35212547.2,23892623.68,18630821.04,23641885.88,17150622.16,29927898.32,20345058.32,2018.76
345,2018,103536389.0,76317585.8,59621299.6,56782487.2,56364626.4,77709357.6,51071066.0,11168672.6,27670962.4,35329216.0,23949078.4,18689192.2,23740575.4,17189134.8,30035152.6,20424416.6,2018.8
346,2018,103879515.2,76518193.64,59776936.88,56981510.96,56544539.12,77974188.08,51238969.4,11187947.68,27759300.32,35445884.8,24005533.12,18747563.36,23839264.92,17227647.44,30142406.88,20503774.88,2018.84
347,2018,104222641.4,76718801.48,59932574.16,57180534.72,56724451.84,78239018.56,51406872.8,11207222.76,27847638.24,35562553.6,24061987.84,18805934.52,23937954.44,17266160.08,30249661.16,20583133.16,2018.88
348,2018,104565767.6,76919409.32,60088211.44,57379558.480000004,56904364.56,78503849.03999999,51574776.2,11226497.84,27935976.16,35679222.4,24118442.56,18864305.68,24036643.96,17304672.72,30356915.44,20662491.44,2018.92
349,2018,104908893.8,77120017.16,60243848.72,57578582.24,57084277.28,78768679.52,51742679.6,11245772.92,28024314.08,35795891.2,24174897.28,18922676.84,24135333.48,17343185.36,30464169.72,20741849.72,2018.96
350,2019,105252020.0,77320625.0,60399486.0,57777606.0,57264190.0,79033510.0,51910583.0,11265048.0,28112652.0,35912560.0,24231352.0,18981048.0,24234023.0,17381698.0,30571424.0,20821208.0,2019.0
351,2019,105555471.24,77483727.12,60526963.88,57949424.92,57405542.04,79249239.56,52047676.68,11265048.0,28181292.4,36007550.24,24231352.0,19029806.08,24321823.52,17381698.0,30674284.68,20893628.72,2019.04
352,2019,105858922.48,77646829.24,60654441.76,58121243.84,57546894.08,79464969.12,52184770.36,11265048.0,28249932.8,36102540.48,24231352.0,19078564.16,24409624.04,17381698.0,30777145.36,20966049.44,2019.08
353,2019,106162373.72,77809931.36,60781919.64,58293062.76,57688246.12,79680698.68,52321864.04,11265048.0,28318573.2,36197530.72,24231352.0,19127322.24,24497424.56,17381698.0,30880006.04,21038470.16,2019.12
354,2019,106465824.96,77973033.48,60909397.52,58464881.68,57829598.16,79896428.24,52458957.72,11265048.0,28387213.6,36292520.96,24231352.0,19176080.32,24585225.08,17381698.0,30982866.72,21110890.88,2019.16
355,2019,106769276.2,78136135.6,61036875.4,58636700.6,57970950.2,80112157.8,52596051.4,11265048.0,28455854.0,36387511.2,24231352.0,19224838.4,24673025.6,17381698.0,31085727.4,21183311.6,2019.2
356,2019,107072727.44,78299237.72,61164353.28,58808519.52,58112302.24,80327887.36,52733145.08,11265048.0,28524494.4,36482501.44,24231352.0,19273596.48,24760826.12,17381698.0,31188588.08,21255732.32,2019.24
357,2019,107376178.68,78462339.84,61291831.16,58980338.44,58253654.28,80543616.92,52870238.76,11265048.0,28593134.8,36577491.68,24231352.0,19322354.56,24848626.64,17381698.0,31291448.76,21328153.04,2019.28
358,2019,107679629.92,78625441.96,61419309.04,59152157.36,58395006.32,80759346.48,53007332.44,11265048.0,28661775.2,36672481.92,24231352.0,19371112.64,24936427.16,17381698.0,31394309.44,21400573.76,2019.32
359,2019,107983081.16,78788544.08,61546786.92,59323976.28,58536358.36,80975076.04,53144426.12,11265048.0,28730415.6,36767472.16,24231352.0,19419870.72,25024227.68,17381698.0,31497170.12,21472994.48,2019.36
360,2019,108286532.4,78951646.2,61674264.8,59495795.2,58677710.4,81190805.6,53281519.8,11265048.0,28799056.0,36862462.4,24231352.0,19468628.8,25112028.2,17381698.0,31600030.8,21545415.2,2019.4
361,2019,108589983.64,79114748.32,61801742.68,59667614.12,58819062.44,81406535.16,53418613.48,11265048.0,28867696.4,36957452.64,24231352.0,19517386.88,25199828.72,17381698.0,31702891.48,21617835.92,2019.44
362,2019,108893434.88,79277850.44,61929220.56,59839433.04,58960414.48,81622264.72,53555707.16,11265048.0,28936336.8,37052442.88,24231352.0,19566144.96,25287629.24,17381698.0,31805752.16,21690256.64,2019.48
363,2019,109196886.12,79440952.56,62056698.44,60011251.96,59101766.52,81837994.28,53692800.84,11265048.0,29004977.2,37147433.12,24231352.0,19614903.04,25375429.76,17381698.0,31908612.84,21762677.36,2019.52
364,2019,109500337.36,79604054.68,62184176.32,60183070.88,59243118.56,82053723.84,53829894.52,11265048.0,29073617.6,37242423.36,24231352.0,19663661.12,25463230.28,17381698.0,32011473.52,21835098.08,2019.56
365,2019,109803788.6,79767156.8,62311654.2,60354889.8,59384470.6,82269453.4,53966988.2,11265048.0,29142258.0,37337413.6,24231352.0,19712419.2,25551030.8,17381698.0,32114334.2,21907518.8,2019.6
366,2019,110107239.84,79930258.92,62439132.08,60526708.72,59525822.64,82485182.96,54104081.88,11265048.0,29210898.4,37432403.84,24231352.0,19761177.28,25638831.32,17381698.0,32217194.88,21979939.52,2019.64
367,2019,110410691.08,80093361.04,62566609.96,60698527.64,59667174.68,82700912.52,54241175.56,11265048.0,29279538.8,37527394.08,24231352.0,19809935.36,25726631.84,17381698.0,32320055.56,22052360.24,2019.68
368,2019,110714142.32,80256463.16,62694087.84,60870346.56,59808526.72,82916642.08,54378269.24,11265048.0,29348179.2,37622384.32,24231352.0,19858693.44,25814432.36,17381698.0,32422916.24,22124780.96,2019.72
369,2019,111017593.56,80419565.28,62821565.72,61042165.480000004,59949878.76,83132371.64,54515362.92,11265048.0,29416819.6,37717374.56,24231352.0,19907451.52,25902232.88,17381698.0,32525776.92,22197201.68,2019.76
370,2019,111321044.8,80582667.4,62949043.6,61213984.4,60091230.8,83348101.2,54652456.6,11265048.0,29485460.0,37812364.8,24231352.0,19956209.6,25990033.4,17381698.0,32628637.6,22269622.4,2019.8
371,2019,111624496.04,80745769.52,63076521.48,61385803.32,60232582.84,83563830.76,54789550.28,11265048.0,29554100.4,37907355.04,24231352.0,20004967.68,26077833.92,17381698.0,32731498.28,22342043.12,2019.84
372,2019,111927947.28,80908871.64,63203999.36,61557622.24,60373934.88,83779560.32,54926643.96,11265048.0,29622740.8,38002345.28,24231352.0,20053725.76,26165634.44,17381698.0,32834358.96,22414463.84,2019.88
373,2019,112231398.52,81071973.76,63331477.24,61729441.16,60515286.92,83995289.88,55063737.64,11265048.0,29691381.2,38097335.52,24231352.0,20102483.84,26253434.96,17381698.0,32937219.64,22486884.56,2019.92
374,2019,112534849.76,81235075.88,63458955.12,61901260.08,60656638.96,84211019.44,55200831.32,11265048.0,29760021.6,38192325.76,24231352.0,20151241.92,26341235.48,17381698.0,33040080.32,22559305.28,2019.96
375,2020,112838301.0,81398178.0,63586433.0,62073079.0,60797991.0,84426749.0,55337925.0,11265048.0,29828662.0,38287316.0,24231352.0,20200000.0,26429036.0,17381698.0,33142941.0,22631726.0,2020.0
376,2020,113170744.08,81548086.84,63687318.44,62242674.48,60935982.8,84623080.48,55482181.92,11265048.0,29892131.4,38393898.96,24231352.0,20248749.84,26510991.04,17381698.0,33253444.64,22710858.28,2020.04
377,2020,113503187.16,81697995.68,63788203.88,62412269.96,61073974.6,84819411.96,55626438.84,11265048.0,29955600.8,38500481.92,24231352.0,20297499.68,26592946.08,17381698.0,33363948.28,22789990.56,2020.08
378,2020,113835630.24,81847904.52,63889089.32,62581865.44,61211966.4,85015743.44,55770695.76,11265048.0,30019070.2,38607064.88,24231352.0,20346249.52,26674901.12,17381698.0,33474451.92,22869122.84,2020.12
379,2020,114168073.32,81997813.36,63989974.76,62751460.92,61349958.2,85212074.92,55914952.68,11265048.0,30082539.6,38713647.84,24231352.0,20394999.36,26756856.16,17381698.0,33584955.56,22948255.12,2020.16
380,2020,114500516.4,82147722.2,64090860.2,62921056.4,61487950.0,85408406.4,56059209.6,11265048.0,30146009.0,38820230.8,24231352.0,20443749.2,26838811.2,17381698.0,33695459.2,23027387.4,2020.2
381,2020,114832959.48,82297631.04,64191745.64,63090651.88,61625941.8,85604737.88,56203466.52,11265048.0,30209478.4,38926813.76,24231352.0,20492499.04,26920766.24,17381698.0,33805962.84,23106519.68,2020.24
382,2020,115165402.56,82447539.88,64292631.08,63260247.36,61763933.6,85801069.36,56347723.44,11265048.0,30272947.8,39033396.72,24231352.0,20541248.88,27002721.28,17381698.0,33916466.48,23185651.96,2020.28
383,2020,115497845.64,82597448.72,64393516.52,63429842.84,61901925.4,85997400.84,56491980.36,11265048.0,30336417.2,39139979.68,24231352.0,20589998.72,27084676.32,17381698.0,34026970.12,23264784.24,2020.32
384,2020,115830288.72,82747357.56,64494401.96,63599438.32,62039917.2,86193732.32,56636237.28,11265048.0,30399886.6,39246562.64,24231352.0,20638748.56,27166631.36,17381698.0,34137473.76,23343916.52,2020.36
385,2020,116162731.8,82897266.4,64595287.4,63769033.8,62177909.0,86390063.8,56780494.2,11265048.0,30463356.0,39353145.6,24231352.0,20687498.4,27248586.4,17381698.0,34247977.4,23423048.8,2020.4
386,2020,116495174.88,83047175.24,64696172.84,63938629.28,62315900.8,86586395.28,56924751.12,11265048.0,30526825.4,39459728.56,24231352.0,20736248.24,27330541.44,17381698.0,34358481.04,23502181.08,2020.44
387,2020,116827617.96,83197084.08,64797058.28,64108224.76,62453892.6,86782726.76,57069008.04,11265048.0,30590294.8,39566311.52,24231352.0,20784998.08,27412496.48,17381698.0,34468984.68,23581313.36,2020.48
388,2020,117160061.04,83346992.92,64897943.72,64277820.24,62591884.4,86979058.24,57213264.96,11265048.0,30653764.2,39672894.48,24231352.0,20833747.92,27494451.52,17381698.0,34579488.32,23660445.64,2020.52
389,2020,117492504.12,83496901.76,64998829.16,64447415.72,62729876.2,87175389.72,57357521.88,11265048.0,30717233.6,39779477.44,24231352.0,20882497.76,27576406.56,17381698.0,34689991.96,23739577.92,2020.56
390,2020,117824947.2,83646810.6,65099714.6,64617011.2,62867868.0,87371721.2,57501778.8,11265048.0,30780703.0,39886060.4,24231352.0,20931247.6,27658361.6,17381698.0,34800495.6,23818710.2,2020.6
391,2020,118157390.28,83796719.44,65200600.04,64786606.68,63005859.8,87568052.68,57646035.72,11265048.0,30844172.4,39992643.36,24231352.0,20979997.44,27740316.64,17381698.0,34910999.24,23897842.48,2020.64
392,2020,118489833.36,83946628.28,65301485.48,64956202.16,63143851.6,87764384.16,57790292.64,11265048.0,30907641.8,40099226.32,24231352.0,21028747.28,27822271.68,17381698.0,35021502.88,23976974.76,2020.68
393,2020,118822276.44,84096537.12,65402370.92,65125797.64,63281843.4,87960715.64,57934549.56,11265048.0,30971111.2,40205809.28,24231352.0,21077497.12,27904226.72,17381698.0,35132006.52,24056107.04,2020.72
394,2020,119154719.52,84246445.96,65503256.36,65295393.12,63419835.2,88157047.12,58078806.480000004,11265048.0,31034580.6,40312392.24,24231352.0,21126246.96,27986181.759999998,17381698.0,35242510.16,24135239.32,2020.76
395,2020,119487162.6,84396354.8,65604141.8,65464988.6,63557827.0,88353378.6,58223063.4,11265048.0,31098050.0,40418975.2,24231352.0,21174996.8,28068136.8,17381698.0,35353013.8,24214371.6,2020.8
396,2020,119819605.68,84546263.64,65705027.24,65634584.08,63695818.8,88549710.08,58367320.32,11265048.0,31161519.4,40525558.16,24231352.0,21223746.64,28150091.84,17381698.0,35463517.44,24293503.88,2020.84
397,2020,120152048.76,84696172.48,65805912.68,65804179.56,63833810.6,88746041.56,58511577.24,11265048.0,31224988.8,40632141.12,24231352.0,21272496.48,28232046.88,17381698.0,35574021.08,24372636.16,2020.88
398,2020,120484491.84,84846081.32,65906798.12,65973775.04,63971802.4,88942373.04,58655834.16,11265048.0,31288458.2,40738724.08,24231352.0,21321246.32,28314001.92,17381698.0,35684524.72,24451768.44,2020.92
399,2020,120816934.92,84995990.16,66007683.56,66143370.52,64109794.2,89138704.52,58800091.08,11265048.0,31351927.6,40845307.04,24231352.0,21369996.16,28395956.96,17381698.0,35795028.36,24530900.72,2020.96
400,2021,121149378.0,85145899.0,66108569.0,66312966.0,64247786.0,89335036.0,58944348.0,11265048.0,31415397.0,40951890.0,24231352.0,21418746.0,28477912.0,17381698.0,35905532.0,24610033.0,2021.0
401,2021,121482492.48,85288084.0,66212043.12,66459639.84,64360782.24,89524676.04,59079707.6,11265048.0,31469910.92,41065561.6,24231352.0,21461304.64,28558155.44,17381698.0,36014183.64,24687684.56,2021.04
402,2021,121815606.96,85430269.0,66315517.24,66606313.68,64473778.48,89714316.08,59215067.2,11265048.0,31524424.84,41179233.2,24231352.0,21503863.28,28638398.88,17381698.0,36122835.28,24765336.12,2021.08
403,2021,122148721.44,85572454.0,66418991.36,66752987.52,64586774.72,89903956.12,59350426.8,11265048.0,31578938.76,41292904.8,24231352.0,21546421.92,28718642.32,17381698.0,36231486.92,24842987.68,2021.12
404,2021,122481835.92,85714639.0,66522465.48,66899661.36,64699770.96,90093596.16,59485786.4,11265048.0,31633452.68,41406576.4,24231352.0,21588980.56,28798885.76,17381698.0,36340138.56,24920639.24,2021.16
405,2021,122814950.4,85856824.0,66625939.6,67046335.2,64812767.2,90283236.2,59621146.0,11265048.0,31687966.6,41520248.0,24231352.0,21631539.2,28879129.2,17381698.0,36448790.2,24998290.8,2021.2
406,2021,123148064.88,85999009.0,66729413.72,67193009.04,64925763.44,90472876.24,59756505.6,11265048.0,31742480.52,41633919.6,24231352.0,21674097.84,28959372.64,17381698.0,36557441.84,25075942.36,2021.24
407,2021,123481179.36,86141194.0,66832887.84,67339682.88,65038759.68,90662516.28,59891865.2,11265048.0,31796994.44,41747591.2,24231352.0,21716656.48,29039616.08,17381698.0,36666093.48,25153593.92,2021.28
408,2021,123814293.84,86283379.0,66936361.96,67486356.72,65151755.92,90852156.32,60027224.8,11265048.0,31851508.36,41861262.8,24231352.0,21759215.12,29119859.52,17381698.0,36774745.12,25231245.48,2021.32
409,2021,124147408.32,86425564.0,67039836.08,67633030.56,65264752.16,91041796.36,60162584.4,11265048.0,31906022.28,41974934.4,24231352.0,21801773.76,29200102.96,17381698.0,36883396.76,25308897.04,2021.36
410,2021,124480522.8,86567749.0,67143310.2,67779704.4,65377748.4,91231436.4,60297944.0,11265048.0,31960536.2,42088606.0,24231352.0,21844332.4,29280346.4,17381698.0,36992048.4,25386548.6,2021.4
411,2021,124813637.28,86709934.0,67246784.32,67926378.24,65490744.64,91421076.44,60433303.6,11265048.0,32015050.12,42202277.6,24231352.0,21886891.04,29360589.84,17381698.0,37100700.04,25464200.16,2021.44
412,2021,125146751.76,86852119.0,67350258.44,68073052.08,65603740.88,91610716.48,60568663.2,11265048.0,32069564.04,42315949.2,24231352.0,21929449.68,29440833.28,17381698.0,37209351.68,25541851.72,2021.48
413,2021,125479866.24,86994304.0,67453732.56,68219725.92,65716737.12,91800356.52,60704022.8,11265048.0,32124077.96,42429620.8,24231352.0,21972008.32,29521076.72,17381698.0,37318003.32,25619503.28,2021.52
414,2021,125812980.72,87136489.0,67557206.68,68366399.76,65829733.36,91989996.56,60839382.4,11265048.0,32178591.88,42543292.4,24231352.0,22014566.96,29601320.16,17381698.0,37426654.96,25697154.84,2021.56
415,2021,126146095.2,87278674.0,67660680.8,68513073.6,65942729.6,92179636.6,60974742.0,11265048.0,32233105.8,42656964.0,24231352.0,22057125.6,29681563.6,17381698.0,37535306.6,25774806.4,2021.6
416,2021,126479209.68,87420859.0,67764154.92,68659747.44,66055725.84,92369276.64,61110101.6,11265048.0,32287619.72,42770635.6,24231352.0,22099684.24,29761807.04,17381698.0,37643958.24,25852457.96,2021.64
417,2021,126812324.16,87563044.0,67867629.04,68806421.28,66168722.08,92558916.68,61245461.2,11265048.0,32342133.64,42884307.2,24231352.0,22142242.88,29842050.48,17381698.0,37752609.88,25930109.52,2021.68
418,2021,127145438.64,87705229.0,67971103.16,68953095.12,66281718.32,92748556.72,61380820.8,11265048.0,32396647.56,42997978.8,24231352.0,22184801.52,29922293.92,17381698.0,37861261.52,26007761.08,2021.72
419,2021,127478553.12,87847414.0,68074577.28,69099768.96,66394714.56,92938196.76,61516180.4,11265048.0,32451161.48,43111650.4,24231352.0,22227360.16,30002537.36,17381698.0,37969913.16,26085412.64,2021.76
420,2021,127811667.6,87989599.0,68178051.4,69246442.8,66507710.8,93127836.8,61651540.0,11265048.0,32505675.4,43225322.0,24231352.0,22269918.8,30082780.8,17381698.0,38078564.8,26163064.2,2021.8
421,2021,128144782.08,88131784.0,68281525.52,69393116.64,66620707.04,93317476.84,61786899.6,11265048.0,32560189.32,43338993.6,24231352.0,22312477.44,30163024.24,17381698.0,38187216.44,26240715.76,2021.84
422,2021,128477896.56,88273969.0,68384999.64,69539790.48,66733703.28,93507116.88,61922259.2,11265048.0,32614703.24,43452665.2,24231352.0,22355036.08,30243267.68,17381698.0,38295868.08,26318367.32,2021.88
423,2021,128811011.03999999,88416154.0,68488473.76,69686464.32,66846699.52,93696756.92,62057618.8,11265048.0,32669217.16,43566336.8,24231352.0,22397594.72,30323511.12,17381698.0,38404519.72,26396018.88,2021.92
424,2021,129144125.52,88558339.0,68591947.88,69833138.16,66959695.76,93886396.96,62192978.4,11265048.0,32723731.08,43680008.4,24231352.0,22440153.36,30403754.56,17381698.0,38513171.36,26473670.44,2021.96
425,2022,129477240.0,88700524.0,68695422.0,69979812.0,67072692.0,94076037.0,62328338.0,11265048.0,32778245.0,43793680.0,24231352.0,22482712.0,30483998.0,17381698.0,38621823.0,26551322.0,2022.0
426,2022,129650975.92,88783857.04,68755157.2,70053799.72,67134910.96,94168757.56,62401441.36,11265048.0,32807291.36,43851642.52,24231352.0,22507702.48,30526986.84,17381698.0,38682138.12,26592990.08,2022.04
427,2022,129824711.84,88867190.08,68814892.4,70127787.44,67197129.92,94261478.12,62474544.72,11265048.0,32836337.72,43909605.04,24231352.0,22532692.96,30569975.68,17381698.0,38742453.24,26634658.16,2022.08
428,2022,129998447.76,88950523.12,68874627.6,70201775.16,67259348.88,94354198.68,62547648.08,11265048.0,32865384.08,43967567.56,24231352.0,22557683.44,30612964.52,17381698.0,38802768.36,26676326.24,2022.12
429,2022,130172183.68,89033856.16,68934362.8,70275762.88,67321567.84,94446919.24,62620751.44,11265048.0,32894430.44,44025530.08,24231352.0,22582673.92,30655953.36,17381698.0,38863083.48,26717994.32,2022.16
430,2022,130345919.6,89117189.2,68994098.0,70349750.6,67383786.8,94539639.8,62693854.8,11265048.0,32923476.8,44083492.6,24231352.0,22607664.4,30698942.2,17381698.0,38923398.6,26759662.4,2022.2
431,2022,130519655.52,89200522.24,69053833.2,70423738.32,67446005.76,94632360.36,62766958.16,11265048.0,32952523.16,44141455.12,24231352.0,22632654.88,30741931.04,17381698.0,38983713.72,26801330.48,2022.24
432,2022,130693391.44,89283855.28,69113568.4,70497726.04,67508224.72,94725080.92,62840061.52,11265048.0,32981569.52,44199417.64,24231352.0,22657645.36,30784919.88,17381698.0,39044028.84,26842998.56,2022.28
433,2022,130867127.36,89367188.32,69173303.6,70571713.76,67570443.68,94817801.48,62913164.88,11265048.0,33010615.88,44257380.16,24231352.0,22682635.84,30827908.72,17381698.0,39104343.96,26884666.64,2022.32
434,2022,131040863.28,89450521.36,69233038.8,70645701.48,67632662.64,94910522.04,62986268.24,11265048.0,33039662.24,44315342.68,24231352.0,22707626.32,30870897.56,17381698.0,39164659.08,26926334.72,2022.36
435,2022,131214599.2,89533854.4,69292774.0,70719689.2,67694881.6,95003242.6,63059371.6,11265048.0,33068708.6,44373305.2,24231352.0,22732616.8,30913886.4,17381698.0,39224974.2,26968002.8,2022.4
436,2022,131388335.12,89617187.44,69352509.2,70793676.92,67757100.56,95095963.16,63132474.96,11265048.0,33097754.96,44431267.72,24231352.0,22757607.28,30956875.24,17381698.0,39285289.32,27009670.88,2022.44
437,2022,131562071.04,89700520.48,69412244.4,70867664.64,67819319.52,95188683.72,63205578.32,11265048.0,33126801.32,44489230.24,24231352.0,22782597.76,30999864.08,17381698.0,39345604.44,27051338.96,2022.48
438,2022,131735806.96,89783853.52,69471979.6,70941652.36,67881538.48,95281404.28,63278681.68,11265048.0,33155847.68,44547192.76,24231352.0,22807588.24,31042852.92,17381698.0,39405919.56,27093007.04,2022.52
439,2022,131909542.88,89867186.56,69531714.8,71015640.08,67943757.44,95374124.84,63351785.04,11265048.0,33184894.04,44605155.28,24231352.0,22832578.72,31085841.76,17381698.0,39466234.68,27134675.12,2022.56
440,2022,132083278.8,89950519.6,69591450.0,71089627.8,68005976.4,95466845.4,63424888.4,11265048.0,33213940.4,44663117.8,24231352.0,22857569.2,31128830.6,17381698.0,39526549.8,27176343.2,2022.6
441,2022,132257014.72,90033852.64,69651185.2,71163615.52,68068195.36,95559565.96,63497991.76,11265048.0,33242986.76,44721080.32,24231352.0,22882559.68,31171819.44,17381698.0,39586864.92,27218011.28,2022.64
442,2022,132430750.64,90117185.68,69710920.4,71237603.24,68130414.32,95652286.52,63571095.12,11265048.0,33272033.12,44779042.84,24231352.0,22907550.16,31214808.28,17381698.0,39647180.04,27259679.36,2022.68
443,2022,132604486.56,90200518.72,69770655.6,71311590.96,68192633.28,95745007.08,63644198.48,11265048.0,33301079.48,44837005.36,24231352.0,22932540.64,31257797.12,17381698.0,39707495.16,27301347.44,2022.72
444,2022,132778222.48,90283851.76,69830390.8,71385578.68,68254852.24,95837727.64,63717301.84,11265048.0,33330125.84,44894967.88,24231352.0,22957531.12,31300785.96,17381698.0,39767810.28,27343015.52,2022.76
445,2022,132951958.4,90367184.8,69890126.0,71459566.4,68317071.2,95930448.2,63790405.2,11265048.0,33359172.2,44952930.4,24231352.0,22982521.6,31343774.8,17381698.0,39828125.4,27384683.6,2022.8
446,2022,133125694.32,90450517.84,69949861.2,71533554.12,68379290.16,96023168.76,63863508.56,11265048.0,33388218.56,45010892.92,24231352.0,23007512.08,31386763.64,17381698.0,39888440.52,27426351.68,2022.84
447,2022,133299430.24,90533850.88,70009596.4,71607541.84,68441509.12,96115889.32,63936611.92,11265048.0,33417264.92,45068855.44,24231352.0,23032502.56,31429752.48,17381698.0,39948755.64,27468019.76,2022.88
448,2022,133473166.16,90617183.92,70069331.6,71681529.56,68503728.08,96208609.88,64009715.28,11265048.0,33446311.28,45126817.96,24231352.0,23057493.04,31472741.32,17381698.0,40009070.76,27509687.84,2022.92
449,2022,133646902.08,90700516.96,70129066.8,71755517.28,68565947.04,96301330.44,64082818.64,11265048.0,33475357.64,45184780.48,24231352.0,23082483.52,31515730.16,17381698.0,40069385.88,27551355.92,2022.96
450,2023,133820638.0,90783850.0,70188802.0,71829505.0,68628166.0,96394051.0,64155922.0,11265048.0,33504404.0,45242743.0,24231352.0,23107474.0,31558719.0,17381698.0,40129701.0,27593024.0,2023.0
